QCOM,QUALCOMM Incorporated,12312017,UPDATE 4-U.S. sees national security risk from Broadcom's Qualcomm deal ,March 6 A U.S. government national security panel has identified potential risks that warrant a full investigation of Singapore-based Broadcom Ltd's $117 billion bid for chipmaker Qualcomm Inc  a senior U.S. Treasury official said in a letter to the companies on Monday.,topStory
QCOM,QUALCOMM Incorporated,12312017,US STOCKS-Wall St gains even as trade war worries dominate ,* North Korea willing to hold talks with U.S. on denuclearization,normal
QCOM,QUALCOMM Incorporated,12312017,Qualcomm in talks to settle patent dispute with Huawei: WSJ ,Chipmaker Qualcomm Inc  is in talks to settle a patent dispute with China's Huawei Technologies Co [HWT.UL] and could reach an agreement in the coming weeks  the Wall Street Journal reported on Tuesday  citing people familiar with the matter.,normal
QCOM,QUALCOMM Incorporated,12312017,UPDATE 1-Qualcomm in talks to settle patent dispute with Huawei -WSJ ,March 6 Chipmaker Qualcomm Inc is in talks to settle a patent dispute with China's Huawei Technologies Co and could reach an agreement in the coming weeks  the Wall Street Journal reported on Tuesday  citing people familiar with the matter.,normal
QCOM,QUALCOMM Incorporated,12312017,UPDATE 4-U.S. sees national security risk from Broadcom's Qualcomm deal ,March 6 A U.S. government national security panel has identified potential risks that warrant a full investigation of Singapore-based Broadcom Ltd's $117 billion bid for chipmaker Qualcomm Inc  a senior U.S. Treasury official said in a letter to the companies on Monday.,topStory
QCOM,QUALCOMM Incorporated,12312017,US STOCKS-Wall St gains even as trade war worries dominate ,* North Korea willing to hold talks with U.S. on denuclearization,normal
QCOM,QUALCOMM Incorporated,12312017,Qualcomm in talks to settle patent dispute with Huawei: WSJ ,Chipmaker Qualcomm Inc  is in talks to settle a patent dispute with China's Huawei Technologies Co [HWT.UL] and could reach an agreement in the coming weeks  the Wall Street Journal reported on Tuesday  citing people familiar with the matter.,normal
QCOM,QUALCOMM Incorporated,12312017,UPDATE 1-Qualcomm in talks to settle patent dispute with Huawei -WSJ ,March 6 Chipmaker Qualcomm Inc is in talks to settle a patent dispute with China's Huawei Technologies Co and could reach an agreement in the coming weeks  the Wall Street Journal reported on Tuesday  citing people familiar with the matter.,normal
QCOM,QUALCOMM Incorporated,12312017,UPDATE 4-U.S. sees national security risk from Broadcom's Qualcomm deal ,March 6 A U.S. government national security panel has identified potential risks that warrant a full investigation of Singapore-based Broadcom Ltd's $117 billion bid for chipmaker Qualcomm Inc  a senior U.S. Treasury official said in a letter to the companies on Monday.,topStory
QCOM,QUALCOMM Incorporated,12312017,US STOCKS-Wall St gains even as trade war worries dominate ,* North Korea willing to hold talks with U.S. on denuclearization,normal
QCOM,QUALCOMM Incorporated,12312017,Qualcomm in talks to settle patent dispute with Huawei: WSJ ,Chipmaker Qualcomm Inc  is in talks to settle a patent dispute with China's Huawei Technologies Co [HWT.UL] and could reach an agreement in the coming weeks  the Wall Street Journal reported on Tuesday  citing people familiar with the matter.,normal
QCOM,QUALCOMM Incorporated,12312017,UPDATE 1-Qualcomm in talks to settle patent dispute with Huawei -WSJ ,March 6 Chipmaker Qualcomm Inc is in talks to settle a patent dispute with China's Huawei Technologies Co and could reach an agreement in the coming weeks  the Wall Street Journal reported on Tuesday  citing people familiar with the matter.,normal
QCOM,QUALCOMM Incorporated,12312017,UPDATE 4-U.S. sees national security risk from Broadcom's Qualcomm deal ,March 6 A U.S. government national security panel has identified potential risks that warrant a full investigation of Singapore-based Broadcom Ltd's $117 billion bid for chipmaker Qualcomm Inc  a senior U.S. Treasury official said in a letter to the companies on Monday.,topStory
QCOM,QUALCOMM Incorporated,12312017,US STOCKS-Wall St gains even as trade war worries dominate ,* North Korea willing to hold talks with U.S. on denuclearization,normal
QCOM,QUALCOMM Incorporated,12312017,Qualcomm in talks to settle patent dispute with Huawei: WSJ ,Chipmaker Qualcomm Inc  is in talks to settle a patent dispute with China's Huawei Technologies Co [HWT.UL] and could reach an agreement in the coming weeks  the Wall Street Journal reported on Tuesday  citing people familiar with the matter.,normal
QCOM,QUALCOMM Incorporated,12312017,UPDATE 1-Qualcomm in talks to settle patent dispute with Huawei -WSJ ,March 6 Chipmaker Qualcomm Inc is in talks to settle a patent dispute with China's Huawei Technologies Co and could reach an agreement in the coming weeks  the Wall Street Journal reported on Tuesday  citing people familiar with the matter.,normal
