Tweet Id,Tweet text,Company,timestamp,,,Text Blob,,Vader,,,,Clips pattern,,
,,,GMT,EST,IST,polarity,subjectivity,neg,neu,pos,compound,polarity,subjectivity,
1068291441187800000,doubt everything find your own light buddyled led light ledlights ledlight ledlighting lights hpr cree...,cree,29-11-2018 23:51,29-11-2018 18:51,30-11-2018 05:21,0.466666667,0.8,0.152,0.848,0,-0.3612,0.466666667,0.8,
1068335246289090000,rt : man i love my babies cree cairo thank you for choosing me :) TWO HEARTS,cree,30-11-2018 02:45,29-11-2018 21:45,30-11-2018 08:15,0.5,0.8,0,0.553,0.447,0.8658,0.5,0.8,
1068476023056940000,check out nitecore ptac black  cree led tactical lumen flashlight cree via,cree,30-11-2018 12:05,30-11-2018 07:05,30-11-2018 17:35,-0.166666667,0.433333333,0,1,0,0,-0.166666667,0.433333333,
1068477264227000000,check out nitecore tm lumens cree xhp led rechargeable flashlight fl-nite-tm cree via,cree,30-11-2018 12:10,30-11-2018 07:10,30-11-2018 17:40,0,0,0,1,0,0,0,0,
1068477739349370000,check out nitecore pgt cree xp-l hi v led tactical compact flashlight lumens cree via,cree,30-11-2018 12:11,30-11-2018 07:11,30-11-2018 17:41,0,0,0,1,0,0,0,0,
1068515260263390000,cree $cree -% cree inc (nasdaq:cree) gets downgraded to sell by jpmorgan chase co with a price targe...,cree,30-11-2018 14:41,30-11-2018 09:41,30-11-2018 20:11,0,0,0,1,0,0,0,0,
1068539001441700000,cree inc downgrade by jp morgan (ranked st) to underweight $cree cree,cree,30-11-2018 16:15,30-11-2018 11:15,30-11-2018 21:45,0,0,0,0.859,0.141,0.2023,0,0,
1068547662864100000,rt : only when the lasttree has been cut down the lastfish been caught and the laststream poisoned will we realize we...,cree,30-11-2018 16:49,30-11-2018 11:49,30-11-2018 22:19,-0.077777778,0.644444444,0.218,0.782,0,-0.6486,-0.077777778,0.644444444,
1068570117628460000,rt : my father spent many months working in quebec's northern communities in the s and took many photographs here is one of m...,cree,30-11-2018 18:19,30-11-2018 13:19,30-11-2018 23:49,0.3,0.366666667,0,1,0,0,0.3,0.366666667,
1068586921624970000,i am smiling because it it almost quittingtime tgif officeselfie weekendvibes twospirit cree anishinaabe...,cree,30-11-2018 19:25,30-11-2018 14:25,01-12-2018 00:55,0,0,0,0.646,0.354,0.7203,0,0,
1068600943183150000,tia mowry and her babies cree and cairo BABYEMOJI MODIFIER FITZPATRICK TYPE-4 are picture perfect SMILING FACE WITH HEART-SHAPED EYESHEAVY BLACK HEART[?]    cairo cree pictureperfect baby...,cree,30-11-2018 20:21,30-11-2018 15:21,01-12-2018 01:51,0.416666667,0.716666667,0,0.682,0.318,0.8941,0.416666667,0.716666667,
1068618025585260000,man i love my babies cree cairo thank you for choosing me :) TWO HEARTS,cree,30-11-2018 21:29,30-11-2018 16:29,01-12-2018 02:59,0.5,0.8,0,0.531,0.469,0.8658,0.5,0.8,
1068618025635580000,man i love my babies cree cairo thank you for choosing me :) TWO HEARTS,cree,30-11-2018 21:29,30-11-2018 16:29,01-12-2018 02:59,0.5,0.8,0,0.531,0.469,0.8658,0.5,0.8,
1068618052806340000,man i love my babies cree cairo thank you for choosing me :) TWO HEARTS,cree,30-11-2018 21:29,30-11-2018 16:29,01-12-2018 02:59,0.5,0.8,0,0.531,0.469,0.8658,0.5,0.8,
1068618212068270000,rt : man i love my babies cree cairo thank you for choosing me :) TWO HEARTS,cree,30-11-2018 21:30,30-11-2018 16:30,01-12-2018 03:00,0.5,0.8,0,0.553,0.447,0.8658,0.5,0.8,
1068622719544160000,rt : man i love my babies cree cairo thank you for choosing me :) TWO HEARTS,cree,30-11-2018 21:48,30-11-2018 16:48,01-12-2018 03:18,0.5,0.8,0,0.553,0.447,0.8658,0.5,0.8,
1068629931524070000,rt : man i love my babies cree cairo thank you for choosing me :) TWO HEARTS,cree,30-11-2018 22:16,30-11-2018 17:16,01-12-2018 03:46,0.5,0.8,0,0.553,0.447,0.8658,0.5,0.8,
1068633440155820000,rt : woo!!! just got an email from sirius sm satellite radio they are going to play my rendition of ave maria in cree!! musi...,cree,30-11-2018 22:30,30-11-2018 17:30,01-12-2018 04:00,0,0,0,0.767,0.233,0.7696,0,0,
1068656882447990000,w osram warm white k cob led grow light buddyled led light ledlights ledlight...,cree,01-12-2018 00:03,30-11-2018 19:03,01-12-2018 05:33,0.35,0.5,0,0.853,0.147,0.2263,0.35,0.5,
1068731416647730000,man i love my babies cree cairo thank you for choosing me :) TWO HEARTS,cree,01-12-2018 05:00,01-12-2018 00:00,01-12-2018 10:30,0.5,0.8,0,0.531,0.469,0.8658,0.5,0.8,
1068731416933000000,man i love my babies cree cairo thank you for choosing me :) TWO HEARTS,cree,01-12-2018 05:00,01-12-2018 00:00,01-12-2018 10:30,0.5,0.8,0,0.531,0.469,0.8658,0.5,0.8,
1068731453620600000,man i love my babies cree cairo thank you for choosing me :) TWO HEARTS,cree,01-12-2018 05:00,01-12-2018 00:00,01-12-2018 10:30,0.5,0.8,0,0.531,0.469,0.8658,0.5,0.8,
1068732515412840000,rt : man i love my babies cree cairo thank you for choosing me :) TWO HEARTS,cree,01-12-2018 05:04,01-12-2018 00:04,01-12-2018 10:34,0.5,0.8,0,0.553,0.447,0.8658,0.5,0.8,
1068732763870760000,rt : man i love my babies cree cairo thank you for choosing me :) TWO HEARTS,cree,01-12-2018 05:05,01-12-2018 00:05,01-12-2018 10:35,0.5,0.8,0,0.553,0.447,0.8658,0.5,0.8,
1068734127896220000,rt : man i love my babies cree cairo thank you for choosing me :) TWO HEARTS,cree,01-12-2018 05:10,01-12-2018 00:10,01-12-2018 10:40,0.5,0.8,0,0.553,0.447,0.8658,0.5,0.8,
1068734625445490000,rt : man i love my babies cree cairo thank you for choosing me :) TWO HEARTS,cree,01-12-2018 05:12,01-12-2018 00:12,01-12-2018 10:42,0.5,0.8,0,0.553,0.447,0.8658,0.5,0.8,
1068735909921730000,rt : man i love my babies cree cairo thank you for choosing me :) TWO HEARTS,cree,01-12-2018 05:17,01-12-2018 00:17,01-12-2018 10:47,0.5,0.8,0,0.553,0.447,0.8658,0.5,0.8,
1068747339408520000,rt : man i love my babies cree cairo thank you for choosing me :) TWO HEARTS,cree,01-12-2018 06:03,01-12-2018 01:03,01-12-2018 11:33,0.5,0.8,0,0.553,0.447,0.8658,0.5,0.8,
1068749725027960000,rt : man i love my babies cree cairo thank you for choosing me :) TWO HEARTS,cree,01-12-2018 06:12,01-12-2018 01:12,01-12-2018 11:42,0.5,0.8,0,0.553,0.447,0.8658,0.5,0.8,
1068791815397170000,man i love my babies cree cairo thank you for choosing me :) TWO HEARTS,cree,01-12-2018 09:00,01-12-2018 04:00,01-12-2018 14:30,0.5,0.8,0,0.531,0.469,0.8658,0.5,0.8,
1068814601540770000,rt : man i love my babies cree cairo thank you for choosing me :) TWO HEARTS,cree,01-12-2018 10:30,01-12-2018 05:30,01-12-2018 16:00,0.5,0.8,0,0.553,0.447,0.8658,0.5,0.8,
1068888752385400000,give light and the darkness will disappear of itself buddyled led light ledlights ledlight ledlighting...,cree,01-12-2018 15:25,01-12-2018 10:25,01-12-2018 20:55,0.4,0.7,0.231,0.769,0,-0.4404,0.4,0.7,
1068899584473090000,i believe! yolocreo cree todoesposible diciembre lomejorestaporllegar mujerdefe declara milagros...,cree,01-12-2018 16:08,01-12-2018 11:08,01-12-2018 21:38,0,0,0,1,0,0,0,0,
1068942816569630000,wordoftheweek time! this week's word is nimis which means my older sister in cree wondering how to pronoun...,cree,01-12-2018 19:00,01-12-2018 14:00,02-12-2018 00:30,0.166666667,0.333333333,0,1,0,0,0.166666667,0.333333333,
1068945910334280000,one more why not? torch flashlight cree led blf lumens,cree,01-12-2018 19:12,01-12-2018 14:12,02-12-2018 00:42,0.5,0.5,0,1,0,0,0.5,0.5,
1068966903761250000,without filaments or glass enclosures leds are breakage resistant and largely immune to vibrations and other impac...,cree,01-12-2018 20:35,01-12-2018 15:35,02-12-2018 02:05,0.044642857,0.401785714,0,0.879,0.121,0.296,0.044642857,0.401785714,
1069014611515630000,rt : man i love my babies cree cairo thank you for choosing me :) TWO HEARTS,cree,01-12-2018 23:45,01-12-2018 18:45,02-12-2018 05:15,0.5,0.8,0,0.553,0.447,0.8658,0.5,0.8,
1069016465569950000,rt : man i love my babies cree cairo thank you for choosing me :) TWO HEARTS,cree,01-12-2018 23:52,01-12-2018 18:52,02-12-2018 05:22,0.5,0.8,0,0.553,0.447,0.8658,0.5,0.8,
1069035068901870000,sorteo de skins a los followers! PERSON RAISING BOTH HANDS IN CELEBRATION les va a gustar! SMIRKING FACEOK HAND SIGNcree mancosquad teamdesvela,cree,02-12-2018 01:06,01-12-2018 20:06,02-12-2018 06:36,0,0,0,0.808,0.192,0.6723,0,0,
1069251079781690000,w cree cxb x cob led grow light buddyled led light ledlights ledlight...,cree,02-12-2018 15:24,02-12-2018 10:24,02-12-2018 20:54,0.4,0.7,0,1,0,0,0.4,0.7,
1069275940608320000,not in our area an eighty year old grandma and a year old guy have gone missing is it coincidence that the man...,cree,02-12-2018 17:03,02-12-2018 12:03,02-12-2018 22:33,0,0.15,0.095,0.905,0,-0.296,0,0.15,
1069281658833170000,rt : man i love my babies cree cairo thank you for choosing me :) TWO HEARTS,cree,02-12-2018 17:26,02-12-2018 12:26,02-12-2018 22:56,0.5,0.8,0,0.553,0.447,0.8658,0.5,0.8,
1069428179146870000,new captain marvel poster! repost/regram from marvelstudios and repost regram captainmarvel...,cree,03-12-2018 03:08,02-12-2018 22:08,03-12-2018 08:38,0.170454545,0.454545455,0,0.764,0.236,0.4753,0.170454545,0.454545455,
1069569041289930000,tiamowry which her kidz cree and cairo,cree,03-12-2018 12:28,03-12-2018 07:28,03-12-2018 17:58,0,0,0,1,0,0,0,0,
1069620343193700000,little metis cree jigging man on a monday morning FACE WITH TEARS OF JOYHEAVY BLACK HEART[?] winnipeg manitoba,cree,03-12-2018 15:52,03-12-2018 10:52,03-12-2018 21:22,-0.177083333,0.466666667,0.141,0.859,0,-0.3885,-0.177083333,0.466666667,
1069650486234470000,cree $cree +% analysts expect cree inc (cree) will post earnings of $ per share...,cree,03-12-2018 17:52,03-12-2018 12:52,03-12-2018 23:22,0,0,0,1,0,0,0,0,
1069659002341060000,taken right before departing for new york you did a great job ,cree,03-12-2018 18:25,03-12-2018 13:25,03-12-2018 23:55,0.407359307,0.58008658,0,0.709,0.291,0.6249,0.407359307,0.58008658,
1069680432214460000,rt : only when the lasttree has been cut down the lastfish been caught and the laststream poisoned will we realize we...,cree,03-12-2018 19:51,03-12-2018 14:51,04-12-2018 01:21,-0.077777778,0.644444444,0.218,0.782,0,-0.6486,-0.077777778,0.644444444,
1069762793023460000,CHRISTMAS TREESKULLmisfits for christmasSKULLCHRISTMAS TREE throwback makeup look from (i think?) &gt; &lt; ...,cree,04-12-2018 01:18,03-12-2018 20:18,04-12-2018 06:48,0,0,0,1,0,0,0,0,
1069765897018070000,rt : tansi! i created a instagram page to promote cree language! nehiyawewin cree,cree,04-12-2018 01:30,03-12-2018 20:30,04-12-2018 07:00,0,0,0,0.635,0.365,0.6351,0,0,
1069774341313870000,so blessed she is my soulmate the incomparable elegant sophisticated beautiful FIRE PURPLE HEARTlifepartner...,cree,04-12-2018 02:04,03-12-2018 21:04,04-12-2018 07:34,0.5625,0.9,0.105,0.268,0.627,0.9482,0.5625,0.9,
1069809974744820000,native american saying cree greenpeace warning plastic,cree,04-12-2018 04:25,03-12-2018 23:25,04-12-2018 09:55,0,0,0.286,0.714,0,-0.34,0,0,
1069905976906660000,people of the north! i'm in this week! a double page spread about my new book cree with pics and in...,cree,04-12-2018 10:47,04-12-2018 05:47,04-12-2018 16:17,0.068181818,0.227272727,0,1,0,0,0.068181818,0.227272727,
1069911122780840000,rt : people of the north! i'm in this week! a double page spread about my new book cree with pics and interview...,cree,04-12-2018 11:07,04-12-2018 06:07,04-12-2018 16:37,0.068181818,0.227272727,0,1,0,0,0.068181818,0.227272727,
1069943604393730000,rt : tansi! i created a instagram page to promote cree language! nehiyawewin cree,cree,04-12-2018 13:16,04-12-2018 08:16,04-12-2018 18:46,0,0,0,0.635,0.365,0.6351,0,0,
1069943829942320000,rt : tansi! i created a instagram page to promote cree language! nehiyawewin cree,cree,04-12-2018 13:17,04-12-2018 08:17,04-12-2018 18:47,0,0,0,0.635,0.365,0.6351,0,0,
1069948964575870000,rt : tansi! i created a instagram page to promote cree language! nehiyawewin cree,cree,04-12-2018 13:38,04-12-2018 08:38,04-12-2018 19:08,0,0,0,0.635,0.365,0.6351,0,0,
1069974935278410000,traditional light sources tend to have shorter lifespan the more they're switched on and off whereas leds are unaff...,cree,04-12-2018 15:21,04-12-2018 10:21,04-12-2018 20:51,0.3,0.65,0,1,0,0,0.3,0.65,
1070012225870410000,dr lana whiskeyjack presents her art and story to a captivated audience in our indigenous knowledge and research c...,cree,04-12-2018 17:49,04-12-2018 12:49,04-12-2018 23:19,0,0,0,0.867,0.133,0.3818,0,0,
1070111312242500000,rt : dr lana whiskeyjack presents her art and story to a captivated audience in our indigenous knowledge and research centre...,cree,05-12-2018 00:23,04-12-2018 19:23,05-12-2018 05:53,0,0,0,0.874,0.126,0.3818,0,0,
1070125756750080000,rt : tansi! i created a instagram page to promote cree language! nehiyawewin cree,cree,05-12-2018 01:20,04-12-2018 20:20,05-12-2018 06:50,0,0,0,0.635,0.365,0.6351,0,0,
1070160587055740000,rt : dr lana whiskeyjack presents her art and story to a captivated audience in our indigenous knowledge and research centre...,cree,05-12-2018 03:39,04-12-2018 22:39,05-12-2018 09:09,0,0,0,0.874,0.126,0.3818,0,0,
1070167955835660000,from - man i love my babies cree cairo thank you for choosing me :) TWO HEARTS - regrann...,cree,05-12-2018 04:08,04-12-2018 23:08,05-12-2018 09:38,0.5,0.8,0,0.573,0.427,0.8658,0.5,0.8,
1070173514735310000,rt : dr lana whiskeyjack presents her art and story to a captivated audience in our indigenous knowledge and research centre...,cree,05-12-2018 04:30,04-12-2018 23:30,05-12-2018 10:00,0,0,0,0.874,0.126,0.3818,0,0,
1070298042035810000,cmon snow need more waiting to get my skis out! winter xcskiing cree moosefactory,cree,05-12-2018 12:45,05-12-2018 07:45,05-12-2018 18:15,0.625,0.5,0,1,0,0,0.625,0.5,
1070335361476420000,be a light to the world buddyled led light ledlights ledlight ledlighting lights hpr cree vero...,cree,05-12-2018 15:13,05-12-2018 10:13,05-12-2018 20:43,0.4,0.7,0,1,0,0,0.4,0.7,
1070341530978790000,inuit cree reconciliation: a documentary built on oral history,cree,05-12-2018 15:38,05-12-2018 10:38,05-12-2018 21:08,0,0,0,1,0,0,0,0,
1070341906113200000,rt : inuit cree reconciliation: a documentary built on oral history,cree,05-12-2018 15:39,05-12-2018 10:39,05-12-2018 21:09,0,0,0,1,0,0,0,0,
1070351118465720000,get your copy of this week's big issue north to read about the amazing and her new graphi...,cree,05-12-2018 16:16,05-12-2018 11:16,05-12-2018 21:46,0.245454545,0.484848485,0,0.817,0.183,0.5859,0.245454545,0.484848485,
1070351345302070000,rt : get your copy of this week's big issue north to read about the amazing and her new graphic novel...,cree,05-12-2018 16:17,05-12-2018 11:17,05-12-2018 21:47,0.184090909,0.463636364,0,0.833,0.167,0.5859,0.184090909,0.463636364,
1070368981024830000,rt : inuit cree reconciliation: a documentary built on oral history,cree,05-12-2018 17:27,05-12-2018 12:27,05-12-2018 22:57,0,0,0,1,0,0,0,0,
1070378902340550000,rt : inuit cree reconciliation: a documentary built on oral history,cree,05-12-2018 18:06,05-12-2018 13:06,05-12-2018 23:36,0,0,0,1,0,0,0,0,
1070469215222720000,w osram rgb band full spectrum cob led grow light buddyled led light ledlights...,cree,06-12-2018 00:05,05-12-2018 19:05,06-12-2018 05:35,0.383333333,0.65,0,1,0,0,0.383333333,0.65,
1070475919494640000,inuit cree reconciliation: a documentary built on oral history,cree,06-12-2018 00:32,05-12-2018 19:32,06-12-2018 06:02,0,0,0,1,0,0,0,0,
1070483731943690000,cree nation government th anniversary gala of the department of justice and correctional services cree justice...,cree,06-12-2018 01:03,05-12-2018 20:03,06-12-2018 06:33,0,0,0,0.815,0.185,0.5267,0,0,
1070486645206500000,honourable carolyn bennett minister of crown indigenous relations is speaking about justice cree culture is the...,cree,06-12-2018 01:14,05-12-2018 20:14,06-12-2018 06:44,0,0,0,0.683,0.317,0.7579,0,0,
1070502476095340000,don nicholls speaking at the anniversary gala of the department of justice and correctional services of the cree...,cree,06-12-2018 02:17,05-12-2018 21:17,06-12-2018 07:47,0,0,0,0.833,0.167,0.5267,0,0,
1070518454992620000,sorteo de skins a los followers! PERSON RAISING BOTH HANDS IN CELEBRATION les va a gustar! SMIRKING FACEOK HAND SIGNcree mancosquad teamdesvela,cree,06-12-2018 03:21,05-12-2018 22:21,06-12-2018 08:51,0,0,0,0.808,0.192,0.6723,0,0,
1070626644979840000,rt : get your copy of this week's big issue north to read about the amazing and her new graphic novel...,cree,06-12-2018 10:30,06-12-2018 05:30,06-12-2018 16:00,0.184090909,0.463636364,0,0.833,0.167,0.5859,0.184090909,0.463636364,
1070646972778910000,check out nitecore ptac black  cree led tactical lumen flashlight cree via,cree,06-12-2018 11:51,06-12-2018 06:51,06-12-2018 17:21,-0.166666667,0.433333333,0,1,0,0,-0.166666667,0.433333333,
1070647672120330000,check out nitecore tm lumens cree xhp led rechargeable flashlight fl-nite-tm cree via,cree,06-12-2018 11:54,06-12-2018 06:54,06-12-2018 17:24,0,0,0,1,0,0,0,0,
1070650276896320000,check out nitecore pgt cree xp-l hi v led tactical compact flashlight lumens cree via,cree,06-12-2018 12:04,06-12-2018 07:04,06-12-2018 17:34,0,0,0,1,0,0,0,0,
1070689350575370000,traditional parenting visits from cree elders connect urban firstnations families with culture,cree,06-12-2018 14:40,06-12-2018 09:40,06-12-2018 20:10,0,0.375,0,1,0,0,0,0.375,
1070691521953960000,rt : traditional parenting visits from cree elders connect urban firstnations families with culture,cree,06-12-2018 14:48,06-12-2018 09:48,06-12-2018 20:18,0,0.375,0,1,0,0,0,0.375,
1070697794460100000,darkness cannot drive out darkness: only light can do that buddyled led light ledlights ledlight...,cree,06-12-2018 15:13,06-12-2018 10:13,06-12-2018 20:43,0.266666667,0.8,0.235,0.765,0,-0.4588,0.266666667,0.8,
1070739505605420000,rt : man i love my babies cree cairo thank you for choosing me :) TWO HEARTS,cree,06-12-2018 17:59,06-12-2018 12:59,06-12-2018 23:29,0.5,0.8,0,0.553,0.447,0.8658,0.5,0.8,
1070830664092690000,rt : it can take more than a few dollars to make commercial fluorescent lighting systems dimmable but leds as semiconductor devi...,cree,07-12-2018 00:01,06-12-2018 19:01,07-12-2018 05:31,0.1,0.2,0,1,0,0,0.1,0.2,
1070840422312820000,rt : only when the lasttree has been cut down the lastfish been caught and the laststream poisoned will we realize we...,cree,07-12-2018 00:40,06-12-2018 19:40,07-12-2018 06:10,-0.077777778,0.644444444,0.218,0.782,0,-0.6486,-0.077777778,0.644444444,
1071019009494130000,which brand is using social media the best? xicato cree lumileds find out here: socialrivals,cree,07-12-2018 12:30,07-12-2018 07:30,07-12-2018 18:00,0.516666667,0.183333333,0,0.769,0.231,0.6369,0.516666667,0.183333333,
1071031459446700000,rt : traditional parenting visits from cree elders connect urban firstnations families with culture,cree,07-12-2018 13:19,07-12-2018 08:19,07-12-2018 18:49,0,0.375,0,1,0,0,0,0.375,
1071031522470240000,rt : traditional parenting visits from cree elders connect urban firstnations families with culture,cree,07-12-2018 13:19,07-12-2018 08:19,07-12-2018 18:49,0,0.375,0,1,0,0,0,0.375,
1071050778331230000,w hpr red and white cob led grow light buddyled led light ledlights ledlight...,cree,07-12-2018 14:36,07-12-2018 09:36,07-12-2018 20:06,0.2,0.35,0,1,0,0,0.2,0.35,
1071054035526930000,rt : only when the lasttree has been cut down the lastfish been caught and the laststream poisoned will we realize we...,cree,07-12-2018 14:49,07-12-2018 09:49,07-12-2018 20:19,-0.077777778,0.644444444,0.218,0.782,0,-0.6486,-0.077777778,0.644444444,
1071054139449230000,the evol is real the deception is sickening they not hueman the cree is a real group of pplthey really lived (...,cree,07-12-2018 14:49,07-12-2018 09:49,07-12-2018 20:19,-0.075,0.45,0.249,0.751,0,-0.743,-0.075,0.45,
1071054553905160000,the cree are still alive!!!! imagine the goofy fukking descendants of the cree indians that just believes everyt...,cree,07-12-2018 14:51,07-12-2018 09:51,07-12-2018 20:21,0.372070313,0.7,0,1,0,0,0.372070313,0.7,
1071054931732250000,all of marvel is our history when you look at it!!!!! the fact that thousands maybe millions of actual cree india...,cree,07-12-2018 14:52,07-12-2018 09:52,07-12-2018 20:22,0,0.1,0,0.834,0.166,0.6083,0,0.1,
1071058209106930000,then they want you to be some stupid fukking colonized then a mf watching the shit yo ancestors created have ch...,cree,07-12-2018 15:05,07-12-2018 10:05,07-12-2018 20:35,-0.5,0.9,0.127,0.599,0.273,0.4404,-0.5,0.9,
1071064221226390000,rt : only when the lasttree has been cut down the lastfish been caught and the laststream poisoned will we realize we...,cree,07-12-2018 15:29,07-12-2018 10:29,07-12-2018 20:59,-0.077777778,0.644444444,0.218,0.782,0,-0.6486,-0.077777778,0.644444444,
1071064491742370000,rt : only when the lasttree has been cut down the lastfish been caught and the laststream poisoned will we realize we...,cree,07-12-2018 15:30,07-12-2018 10:30,07-12-2018 21:00,-0.077777778,0.644444444,0.218,0.782,0,-0.6486,-0.077777778,0.644444444,
1071073737850670000,happy holidays music cree joy love silentnight,cree,07-12-2018 16:07,07-12-2018 11:07,07-12-2018 21:37,0.7,0.6,0,0.173,0.827,0.936,0.7,0.6,
1071372478583320000,rt : was johnlennon's imagine inspired by alberta cree lillianpicheshirt's grandmother? via,cree,08-12-2018 11:54,08-12-2018 06:54,08-12-2018 17:24,0,0,0,0.758,0.242,0.4939,0,0,
1071397095440080000,rt : happy holidays music cree joy love silentnight,cree,08-12-2018 13:32,08-12-2018 08:32,08-12-2018 19:02,0.7,0.6,0,0.219,0.781,0.936,0.7,0.6,
1071405343895370000,christmas freebie alert! buy cree from my website or etsy shop and receive a free copy of on sanity: one day in tw...,cree,08-12-2018 14:05,08-12-2018 09:05,08-12-2018 19:35,0.4,0.8,0,0.689,0.311,0.8221,0.4,0.8,
1071429248047570000,been a good week for shine toques and cd sales in moose factory! bassist cree moosefactoryfans midnighshine,cree,08-12-2018 15:40,08-12-2018 10:40,08-12-2018 21:10,0.875,0.6,0,0.825,0.175,0.4926,0.875,0.6,
1071438490796280000,rt: been a good week for shine toques and cd sales in moose factory! bassist cree moosefactoryfans midnighshine via,cree,08-12-2018 16:16,08-12-2018 11:16,08-12-2018 21:46,0.875,0.6,0,0.842,0.158,0.4926,0.875,0.6,
1071459237681810000,rt : was johnlennon's imagine inspired by alberta cree lillianpicheshirt's grandmother? via,cree,08-12-2018 17:39,08-12-2018 12:39,08-12-2018 23:09,0,0,0,0.758,0.242,0.4939,0,0,
1071467469485850000,rt : happy holidays music cree joy love silentnight,cree,08-12-2018 18:12,08-12-2018 13:12,08-12-2018 23:42,0.7,0.6,0,0.219,0.781,0.936,0.7,0.6,
1071479056175160000,rt : christmas freebie alert! buy cree from my website or etsy shop and receive a free copy of on sanity: one day in two lives a...,cree,08-12-2018 18:58,08-12-2018 13:58,09-12-2018 00:28,0.4,0.8,0,0.719,0.281,0.8221,0.4,0.8,
1071480147335930000,check out our days of christmas 'steal of the day day cree dress $,cree,08-12-2018 19:02,08-12-2018 14:02,09-12-2018 00:32,0,0,0.211,0.789,0,-0.4939,0,0,
1071482229711350000,was johnlennon's imagine inspired by alberta cree lillianpicheshirt's grandmother? via ...,cree,08-12-2018 19:10,08-12-2018 14:10,09-12-2018 00:40,0,0,0,0.758,0.242,0.4939,0,0,
1071485836280110000,wordoftheweek time! this week's word is astam which means come here in cree wondering how to pronounce it?...,cree,08-12-2018 19:25,08-12-2018 14:25,09-12-2018 00:55,0,0,0,1,0,0,0,0,
1071487515230690000,swampycree derives from the cree (algonquian) language spoken by more than canadians it is one of...,cree,08-12-2018 19:31,08-12-2018 14:31,09-12-2018 01:01,0.5,0.5,0,1,0,0,0.5,0.5,
1071555098097010000,rt : dr lana whiskeyjack presents her art and story to a captivated audience in our indigenous knowledge and research centre...,cree,09-12-2018 00:00,08-12-2018 19:00,09-12-2018 05:30,0,0,0,0.874,0.126,0.3818,0,0,
1071568621481130000,icymi: wordoftheweek time! this week's word is astam which means come here in cree wondering how to prono...,cree,09-12-2018 00:54,08-12-2018 19:54,09-12-2018 06:24,0,0,0,1,0,0,0,0,
1071625399866600000,rt : wordoftheweek time! this week's word is astam which means come here in cree wondering how to pronounce it? hunter h...,cree,09-12-2018 04:39,08-12-2018 23:39,09-12-2018 10:09,0,0,0,1,0,0,0,0,
1071703190419220000,i've got some great festive offers on my etsy shop including a free on sanity when you buy cree...,cree,09-12-2018 09:48,09-12-2018 04:48,09-12-2018 15:18,0.433333333,0.516666667,0,0.591,0.409,0.886,0.433333333,0.516666667,
1071708762044480000,canada is land stolen from various self-governing self-sufficient tribes-- inuit iroquois cree...,cree,09-12-2018 10:10,09-12-2018 05:10,09-12-2018 15:40,0,0.5,0.225,0.775,0,-0.4939,0,0.5,
1071811097596970000,rt : happy holidays music cree joy love silentnight,cree,09-12-2018 16:57,09-12-2018 11:57,09-12-2018 22:27,0.7,0.6,0,0.219,0.781,0.936,0.7,0.6,
1071829744654650000,bbc news - canada moose cree firstnation to get drone deliveries,cree,09-12-2018 18:11,09-12-2018 13:11,09-12-2018 23:41,0,0,0,1,0,0,0,0,
1071856512165760000,rt : first nation bans indigenous harvest of declining caribou herd in northern quebec via ...,cree,09-12-2018 19:58,09-12-2018 14:58,10-12-2018 01:28,0.25,0.333333333,0,1,0,0,0.25,0.333333333,
1071858050607340000,~make ya feel like a sunday morningTWO HEARTSTWO HEARTS beautiful day in saskatoon HEAVY HEART EXCLAMATION MARK ORNAMENT latest selfie of ya girl in her new hometown WHITE RIGHT POINTING BACKHAND INDEXEMOJI MODIFIER FITZPATRICK TYPE-4...,cree,09-12-2018 20:04,09-12-2018 15:04,10-12-2018 01:34,0.262012987,0.56504329,0,0.833,0.167,0.7506,0.262012987,0.56504329,
1071868272386030000,rt : first nation bans indigenous harvest of declining caribou herd in northern quebec via ...,cree,09-12-2018 20:44,09-12-2018 15:44,10-12-2018 02:14,0.25,0.333333333,0,1,0,0,0.25,0.333333333,
1071869151638180000,rt : first nation bans indigenous harvest of declining caribou herd in northern quebec via ...,cree,09-12-2018 20:48,09-12-2018 15:48,10-12-2018 02:18,0.25,0.333333333,0,1,0,0,0.25,0.333333333,
1071880464456130000,rt : only when the lasttree has been cut down the lastfish been caught and the laststream poisoned will we realize we...,cree,09-12-2018 21:33,09-12-2018 16:33,10-12-2018 03:03,-0.077777778,0.644444444,0.218,0.782,0,-0.6486,-0.077777778,0.644444444,
1071891173600500000,rt : bbc news - canada moose cree firstnation to get drone deliveries,cree,09-12-2018 22:15,09-12-2018 17:15,10-12-2018 03:45,0,0,0,1,0,0,0,0,
1071987420546060000,rt : bbc news - canada moose cree firstnation to get drone deliveries,cree,10-12-2018 04:38,09-12-2018 23:38,10-12-2018 10:08,0,0,0,1,0,0,0,0,
1072030261565640000,ha new official languages law needed five billion a year for fifteen percent population promote firstnations l...,cree,10-12-2018 07:28,10-12-2018 02:28,10-12-2018 12:58,0.136363636,0.454545455,0,0.737,0.263,0.6124,0.136363636,0.454545455,
1072073350720240000,rt : christmas freebie alert! buy cree from my website or etsy shop and receive a free copy of on sanity: one day in two lives a...,cree,10-12-2018 10:19,10-12-2018 05:19,10-12-2018 15:49,0.4,0.8,0,0.719,0.281,0.8221,0.4,0.8,
1072104083123780000,cree nehiyawewin /? nehiyawetan! (let's speak cree) the most common greeting is tanisi? lit how?; namoya nanit...,cree,10-12-2018 12:21,10-12-2018 07:21,10-12-2018 17:51,0.1,0.5,0,0.812,0.188,0.5734,0.1,0.5,
1072177916732150000,cree nation bans indigenous harvest of george river caribou,cree,10-12-2018 17:15,10-12-2018 12:15,10-12-2018 22:45,0,0,0,1,0,0,0,0,
1072178225751740000,was john lennon's imagine inspired by alberta cree grandmother lillian piche shirt? possibly this globally icon...,cree,10-12-2018 17:16,10-12-2018 12:16,10-12-2018 22:46,0,0.5,0,0.824,0.176,0.4939,0,0.5,
1072178299881830000,rt : was john lennon's imagine inspired by alberta cree grandmother lillian piche shirt? possibly this globally iconic song m...,cree,10-12-2018 17:16,10-12-2018 12:16,10-12-2018 22:46,0.25,0.75,0,0.849,0.151,0.4939,0.25,0.75,
1072187957203740000,cree $cree % monitoring some price target data we have noticed that shares of cree inc (nasdaq:cree) c...,cree,10-12-2018 17:55,10-12-2018 12:55,10-12-2018 23:25,0,0,0,0.879,0.121,0.296,0,0,
1072334737396640000,probably not a yeti but this was definitely a weird ass incident in the siberian tundra sooo interesting grab some...,cree,11-12-2018 03:38,10-12-2018 22:38,11-12-2018 09:08,0,0.75,0.244,0.502,0.254,0.0772,0,0.75,
1072406360023850000,darnell anthropology uwo cree anishnaabe language reserves,cree,11-12-2018 08:22,11-12-2018 03:22,11-12-2018 13:52,0,0,0,1,0,0,0,0,
1072415692425690000,explore how cree uses azure data box edge to support their growth by storing data in the cloud - cengiz balkas...,cree,11-12-2018 09:00,11-12-2018 04:00,11-12-2018 14:30,0,0,0,0.773,0.227,0.6486,0,0,
1072504297374580000,cree $cree +% cree inc (nasdaqgs:cree)'s sales growth of is turning heads...,cree,11-12-2018 14:52,11-12-2018 09:52,11-12-2018 20:22,0,0,0,0.809,0.191,0.3818,0,0,
1072665584805030000,meegwetch PERSON RAISING BOTH HANDS IN CELEBRATION miigwetch means thank you! what's the correct spelling of it + is it ojibwe cree anishinaabe? kee...,cree,12-12-2018 01:32,11-12-2018 20:32,12-12-2018 07:02,0,0,0,0.887,0.113,0.4199,0,0,
1072822986523080000,check out nitecore ptac black  cree led tactical lumen flashlight cree via,cree,12-12-2018 11:58,12-12-2018 06:58,12-12-2018 17:28,-0.166666667,0.433333333,0,1,0,0,-0.166666667,0.433333333,
1072824071069430000,check out nitecore tm lumens cree xhp led rechargeable flashlight fl-nite-tm cree via,cree,12-12-2018 12:02,12-12-2018 07:02,12-12-2018 17:32,0,0,0,1,0,0,0,0,
1072824346370920000,check out nitecore pgt cree xp-l hi v led tactical compact flashlight lumens cree via,cree,12-12-2018 12:03,12-12-2018 07:03,12-12-2018 17:33,0,0,0,1,0,0,0,0,
1073117838330580000,the cree nation prioritize % of their territory for conservation protection - including broadback forest...,cree,13-12-2018 07:30,13-12-2018 02:30,13-12-2018 13:00,0,0,0,1,0,0,0,0,
1073118990912970000,rt : the cree nation prioritize % of their territory for conservation protection - including broadback forest ...,cree,13-12-2018 07:34,13-12-2018 02:34,13-12-2018 13:04,0,0,0,1,0,0,0,0,
1073218139662340000,rt : i hit the lottery  jackpot  | tkeezin and maccspitter - listen download cree http://t...,cree,13-12-2018 14:08,13-12-2018 09:08,13-12-2018 19:38,0,0,0,1,0,0,0,0,
1073222448613450000,i just learned what yellow dog's real name is acimosis it means puppy in cree yellowdogbook,cree,13-12-2018 14:25,13-12-2018 09:25,13-12-2018 19:55,0.1,0.15,0,1,0,0,0.1,0.15,
1073223556824060000,otapewatim what does it mean in cree ? yellowdogbook,cree,13-12-2018 14:30,13-12-2018 09:30,13-12-2018 20:00,-0.3125,0.6875,0,1,0,0,-0.3125,0.6875,
1073232354087500000,congratulations to the new graduates of mcgill's indigenous language and literacy education program! this cert...,cree,13-12-2018 15:05,13-12-2018 10:05,13-12-2018 20:35,0.170454545,0.454545455,0,0.77,0.23,0.636,0.170454545,0.454545455,
1073284082069650000,how do you say merry christmas in cree? cree,cree,13-12-2018 18:30,13-12-2018 13:30,14-12-2018 00:00,0,0,0,0.696,0.304,0.5423,0,0,
1073526536521870000,[oceworkshop] live from madagascar about entrepreneurship education in emerging countries...,cree,14-12-2018 10:34,14-12-2018 05:34,14-12-2018 16:04,0.136363636,0.5,0,1,0,0,0.136363636,0.5,
1073528279607500000,rt : [oceworkshop] live from madagascar about entrepreneurship education in emerging countries ethnography ...,cree,14-12-2018 10:41,14-12-2018 05:41,14-12-2018 16:11,-0.306818182,0.75,0,1,0,0,-0.306818182,0.75,
1073548591921310000,y'all couldn't even fathom what's it's like RELIEVED FACEHEAVY HEART EXCLAMATION MARK ORNAMENT[?]SPARKLES nothinglikeus songhai bf cree,cree,14-12-2018 12:01,14-12-2018 07:01,14-12-2018 17:31,0,0,0,0.72,0.28,0.7034,0,0,
1073567093730300000,economics tchrs - farming for the future: cree potato project keeps traditional knowledge alive,cree,14-12-2018 13:15,14-12-2018 08:15,14-12-2018 18:45,0.033333333,0.425,0,0.822,0.178,0.3818,0.033333333,0.425,
1073571622697580000,rt : economics tchrs - farming for the future: cree potato project keeps traditional knowledge alive,cree,14-12-2018 13:33,14-12-2018 08:33,14-12-2018 19:03,0.033333333,0.425,0,0.833,0.167,0.3818,0.033333333,0.425,
1073579137724480000,farming for the future: cree potato project keeps traditional knowledge alive,cree,14-12-2018 14:03,14-12-2018 09:03,14-12-2018 19:33,0.033333333,0.425,0,0.794,0.206,0.3818,0.033333333,0.425,
1073583648329420000,looking for ways to save this holiday season? toss out the old bulbs for leds - they last hours and use %...,cree,14-12-2018 14:21,14-12-2018 09:21,14-12-2018 19:51,0.05,0.133333333,0,0.75,0.25,0.745,0.05,0.133333333,
1073610377752130000,rt : congratulations to the new graduates of mcgill's indigenous language and literacy education program! this certifica...,cree,14-12-2018 16:07,14-12-2018 11:07,14-12-2018 21:37,0.170454545,0.454545455,0,0.782,0.218,0.636,0.170454545,0.454545455,
1073625517859920000,cree language app in development to bring generations together firstpeople bcedchat,cree,14-12-2018 17:07,14-12-2018 12:07,14-12-2018 22:37,0,0,0,1,0,0,0,0,
1073631516280920000,rt : economics tchrs - farming for the future: cree potato project keeps traditional knowledge alive,cree,14-12-2018 17:31,14-12-2018 12:31,14-12-2018 23:01,0.033333333,0.425,0,0.833,0.167,0.3818,0.033333333,0.425,
1073791110479130000,am i the only who thinks patience is the one who killed creek? manfred is barking up the wrong creek blaming kai...,cree,15-12-2018 04:05,14-12-2018 23:05,15-12-2018 09:35,-0.233333333,0.633333333,0.375,0.625,0,-0.8957,-0.233333333,0.633333333,
1073791332152270000,well he was defending himself! manfred just can't attack someone with a suspicion! anywa...,cree,15-12-2018 04:06,14-12-2018 23:06,15-12-2018 09:36,0,0,0.146,0.561,0.294,0.3895,0,0,
1073791800400210000,hell no i don't trust her at all! they are tit for tat that's why they have such a good partnership!...,cree,15-12-2018 04:08,14-12-2018 23:08,15-12-2018 09:38,0.4375,0.55,0.36,0.536,0.104,-0.8012,0.4375,0.55,
1073792225245460000,evil looks really good on so now i'm expecting her to roll up in leather and lace! ...,cree,15-12-2018 04:09,14-12-2018 23:09,15-12-2018 09:39,-0.0625,0.8,0.196,0.67,0.134,-0.3609,-0.0625,0.8,
1073792525582750000,is it wrong i wish i had the 'put someone to sleep' power? ...,cree,15-12-2018 04:11,14-12-2018 23:11,15-12-2018 09:41,-0.5,0.9,0.196,0.633,0.171,-0.1027,-0.5,0.9,
1073792562551530000,rt : evil looks really good on so now i'm expecting her to roll up in leather and lace! ...,cree,15-12-2018 04:11,14-12-2018 23:11,15-12-2018 09:41,-0.0625,0.8,0.189,0.683,0.128,-0.3609,-0.0625,0.8,
1073792692444790000,are you looking for some strange you naughty witch! midnighttexas...,cree,15-12-2018 04:11,14-12-2018 23:11,15-12-2018 09:41,-0.11875,0.525,0.365,0.635,0,-0.5562,-0.11875,0.525,
1073793099917190000,so sorry i missed takeover &lt;wah&gt; hopefully he can skype in one sunday with ...,cree,15-12-2018 04:13,14-12-2018 23:13,15-12-2018 09:43,-0.5,1,0.229,0.619,0.152,-0.0954,-0.5,1,
1073793911938670000,am i the only who'd go batcrap crazy to find out my soulmate was cheating on me with some low rent cowboy?...,cree,15-12-2018 04:16,14-12-2018 23:16,15-12-2018 09:46,-0.2,0.733333333,0.279,0.586,0.134,-0.4939,-0.2,0.733333333,
1073794176423150000,i'm beginning to think that kai wasn't sleeping with those women and patience is the pulling the strings...,cree,15-12-2018 04:17,14-12-2018 23:17,15-12-2018 09:47,0,0,0,1,0,0,0,0,
1073795006438090000,that cowboy better leave chuy alone he's not in the mood for his husband's lover ...,cree,15-12-2018 04:20,14-12-2018 23:20,15-12-2018 09:50,0.5,0.5,0.146,0.548,0.306,0.6705,0.5,0.5,
1073795630345080000,i don't think midnighters want to meet kai's friend midnighttexas afterbuzztv...,cree,15-12-2018 04:23,14-12-2018 23:23,15-12-2018 09:53,0,0,0.098,0.644,0.258,0.4548,0,0,
1073796375660320000,bad never looked so good! midnighttexas afterbuzztv...,cree,15-12-2018 04:26,14-12-2018 23:26,15-12-2018 09:56,0.0875,0.633333333,0.279,0.399,0.322,0.1364,0.0875,0.633333333,
1073797452929540000,oh hell no my man is not rubbing someone else's feet dammit midnighttexas...,cree,15-12-2018 04:30,14-12-2018 23:30,15-12-2018 10:00,0,0,0.382,0.618,0,-0.7783,0,0,
1073797693485400000,bobo is too good for evil fiji midnighttexas afterbuzztv abtvmidnighters...,cree,15-12-2018 04:31,14-12-2018 23:31,15-12-2018 10:01,-0.15,0.8,0.288,0.523,0.19,-0.3612,-0.15,0.8,
1073798027167620000,FACE WITH TEARS OF JOYFACE WITH TEARS OF JOYrt : oh hell no my man is not rubbing someone else's feet dammit ...,cree,15-12-2018 04:32,14-12-2018 23:32,15-12-2018 10:02,0,0,0.401,0.599,0,-0.9015,0,0,
1073798634729130000,damn she went for michael b jordan &lt;shock&gt; if she wants to try chocolate he does look tasty...,cree,15-12-2018 04:35,14-12-2018 23:35,15-12-2018 10:05,0.2,0.1,0.144,0.856,0,-0.4019,0.2,0.1,
1073799427905600000,cowboy better hope chuy doesn't find him midnighttexas afterbuzztv...,cree,15-12-2018 04:38,14-12-2018 23:38,15-12-2018 10:08,0.5,0.5,0,0.547,0.453,0.7003,0.5,0.5,
1073799856051760000,bobo should have told everyone sooner! am so talking about this sunday with ...,cree,15-12-2018 04:40,14-12-2018 23:40,15-12-2018 10:10,0,0,0,1,0,0,0,0,
1073802222591290000,rain or shine does that include you sleeping with someone else? &lt;hmm&gt; midnighttexas afterbuzztv...,cree,15-12-2018 04:49,14-12-2018 23:49,15-12-2018 10:19,0,0,0,1,0,0,0,0,
1073802634258070000,how dare you kill chuy for your sidepiece! i'm so mad at joe strong right now ...,cree,15-12-2018 04:51,14-12-2018 23:51,15-12-2018 10:21,0.031349206,0.756349206,0.345,0.53,0.125,-0.7788,0.031349206,0.756349206,
1073803277354000000,rt : FACE WITH TEARS OF JOYFACE WITH TEARS OF JOYrt : oh hell no my man is not rubbing someone else's feet dammit midnighttex...,cree,15-12-2018 04:53,14-12-2018 23:53,15-12-2018 10:23,0,0,0.388,0.612,0,-0.9015,0,0,
1073804213694550000,i thought for a minute evil fiji might like some bdsm midnighttexas afterbuzztv...,cree,15-12-2018 04:57,14-12-2018 23:57,15-12-2018 10:27,-1,1,0.277,0.566,0.157,-0.4404,-1,1,
1073804387074490000,like i've been saying patience ain't a damn bit of good midnighttexas afterbuzztv...,cree,15-12-2018 04:58,14-12-2018 23:58,15-12-2018 10:28,0.7,0.6,0,0.54,0.46,0.7689,0.7,0.6,
1073805120624680000,men are always blinded by beautiful women ...,cree,15-12-2018 05:01,15-12-2018 00:01,15-12-2018 10:31,0.85,1,0,0.642,0.358,0.5994,0.85,1,
1073805666777580000,am i the only one made at joe? he should have let chuy kill the cowboy he was warned! ...,cree,15-12-2018 05:03,15-12-2018 00:03,15-12-2018 10:33,0,1,0.294,0.706,0,-0.7959,0,1,
1073806580754240000,a thousand times and painfully he's a scoundrel! midnighttexas...,cree,15-12-2018 05:06,15-12-2018 00:06,15-12-2018 10:36,-0.875,0.9,0.381,0.619,0,-0.5707,-0.875,0.9,
1073824350334270000,rt : men are always blinded by beautiful women ...,cree,15-12-2018 06:17,15-12-2018 01:17,15-12-2018 11:47,0.85,1,0,0.672,0.328,0.5994,0.85,1,
1073824658368140000,rt : like i've been saying patience ain't a damn bit of good midnighttexas afterbuzztv abtvmid...,cree,15-12-2018 06:18,15-12-2018 01:18,15-12-2018 11:48,0.7,0.6,0,0.59,0.41,0.7689,0.7,0.6,
1073826699446500000,rt : FACE WITH TEARS OF JOYFACE WITH TEARS OF JOYrt : oh hell no my man is not rubbing someone else's feet dammit midnighttex...,cree,15-12-2018 06:26,15-12-2018 01:26,15-12-2018 11:56,0,0,0.388,0.612,0,-0.9015,0,0,
1073826839532060000,rt : bobo is too good for evil fiji midnighttexas afterbuzztv abtvmidnighters midnighters ...,cree,15-12-2018 06:27,15-12-2018 01:27,15-12-2018 11:57,-0.15,0.8,0.24,0.601,0.158,-0.3612,-0.15,0.8,
1073827352524840000,rt : i don't think midnighters want to meet kai's friend midnighttexas afterbuzztv abtvmidnig...,cree,15-12-2018 06:29,15-12-2018 01:29,15-12-2018 11:59,0,0,0.085,0.693,0.222,0.4548,0,0,
1073828577274190000,rt : are you looking for some strange you naughty witch! midnighttexas afterbuzztv a...,cree,15-12-2018 06:34,15-12-2018 01:34,15-12-2018 12:04,-0.11875,0.525,0.295,0.705,0,-0.5562,-0.11875,0.525,
1073828601823420000,rt : is it wrong i wish i had the 'put someone to sleep' power? midn...,cree,15-12-2018 06:34,15-12-2018 01:34,15-12-2018 12:04,-0.5,0.9,0.185,0.655,0.161,-0.1027,-0.5,0.9,
1073828727157670000,rt : evil looks really good on so now i'm expecting her to roll up in leather and lace! ...,cree,15-12-2018 06:34,15-12-2018 01:34,15-12-2018 12:04,-0.0625,0.8,0.189,0.683,0.128,-0.3609,-0.0625,0.8,
1073829002035560000,rt : hell no i don't trust her at all! they are tit for tat that's why they have such a good partnership! also how...,cree,15-12-2018 06:35,15-12-2018 01:35,15-12-2018 12:05,0.4375,0.55,0.326,0.581,0.094,-0.8012,0.4375,0.55,
1073829318982270000,rt : am i the only who thinks patience is the one who killed creek? manfred is barking up the wrong creek blaming kai ...,cree,15-12-2018 06:37,15-12-2018 01:37,15-12-2018 12:07,-0.233333333,0.633333333,0.351,0.649,0,-0.8957,-0.233333333,0.633333333,
1073911254169730000,my cousin cree with the chp husband??? meet branbran,cree,15-12-2018 12:02,15-12-2018 07:02,15-12-2018 17:32,0,0,0,1,0,0,0,0,
1073937964198110000,waniska-wake up and rise a message to our native youth learn your language! cree art hiphop culture wutang...,cree,15-12-2018 13:48,15-12-2018 08:48,15-12-2018 19:18,0,0,0,1,0,0,0,0,
1073953128746110000,pastorrgalvez cree creed jesuseslarazon hayward california,cree,15-12-2018 14:49,15-12-2018 09:49,15-12-2018 20:19,0,0,0,1,0,0,0,0,
1073976496912440000,rt : cree language app in development to bring generations together firstpeople bcedchat,cree,15-12-2018 16:22,15-12-2018 11:22,15-12-2018 21:52,0,0,0,1,0,0,0,0,
1074006850293690000,a wall chart to help convince students about the benefits of learning french spanish italian mandarin zulu...,cree,15-12-2018 18:22,15-12-2018 13:22,15-12-2018 23:52,0,0,0,0.64,0.36,0.743,0,0,
1074013672362720000,rt : a wall chart to help convince students about the benefits of learning french spanish italian mandarin zulu cree ...,cree,15-12-2018 18:49,15-12-2018 13:49,16-12-2018 00:19,0,0,0,0.687,0.313,0.743,0,0,
1074019017864720000,wordoftheweek time! this week's word is nohkom which means my grandmother in cree wondering how to pronoun...,cree,15-12-2018 19:11,15-12-2018 14:11,16-12-2018 00:41,0,0,0,1,0,0,0,0,
1074058771876470000,rt : he's an all around artist working his way to the top! tune in tomorrow as talks about his growth in the tat...,cree,15-12-2018 21:49,15-12-2018 16:49,16-12-2018 03:19,0.625,0.5,0,0.817,0.183,0.5707,0.625,0.5,
1074074885427740000,icymi: wordoftheweek time! this week's word is nohkom which means my grandmother in cree wondering how to...,cree,15-12-2018 22:53,15-12-2018 17:53,16-12-2018 04:23,0,0,0,1,0,0,0,0,
1074079325371200000,rt : he's an all around artist working his way to the top! tune in tomorrow as talks about his growth in the tat...,cree,15-12-2018 23:10,15-12-2018 18:10,16-12-2018 04:40,0.625,0.5,0,0.817,0.183,0.5707,0.625,0.5,
1074285171971620000,rt : a wall chart to help convince students about the benefits of learning french spanish italian mandarin zulu cree ...,cree,16-12-2018 12:48,16-12-2018 07:48,16-12-2018 18:18,0,0,0,0.687,0.313,0.743,0,0,
1074324332740890000,barley soup alberta proudalbertan iheartbeef iheartmountains mountains forest thenorth prairies...,cree,16-12-2018 15:24,16-12-2018 10:24,16-12-2018 20:54,0,0,0,1,0,0,0,0,
1074399528218910000,$cree cree inc slick and hazardous: will fed limit the damage? (gmr weekly notes - dec ): markets this...,cree,16-12-2018 20:23,16-12-2018 15:23,17-12-2018 01:53,0.175,0.6375,0.273,0.727,0,-0.7184,0.175,0.6375,
1074529937149820000,who knew cree would be my hardest class this semester SMILING FACE WITH OPEN MOUTH AND COLD SWEATtough cree,cree,17-12-2018 05:01,17-12-2018 00:01,17-12-2018 10:31,-0.3,0.75,0,0.828,0.172,0.5766,-0.3,0.75,
1074597115161120000,caitlin potts years old from sampson cree firstnations missing since caitlin is approximately feet...,cree,17-12-2018 09:28,17-12-2018 04:28,17-12-2018 14:58,-0.166666667,0.283333333,0.145,0.855,0,-0.296,-0.166666667,0.283333333,
1074681609931050000,for the past few years a cree potato project to preserve traditional food knowledge address food insecurity issu...,cree,17-12-2018 15:03,17-12-2018 10:03,17-12-2018 20:33,-0.15,0.366666667,0.149,0.851,0,-0.4215,-0.15,0.366666667,
1075551083680800000,latest print by phil gray (tsimshian/cree) is now available in the gallery formless edition of only ...,cree,20-12-2018 00:38,19-12-2018 19:38,20-12-2018 06:08,0.3,0.766666667,0,1,0,0,0.3,0.766666667,
1075564616292420000,rt : dorothy eastman was beaten in residentialschool for speaking her indigenous language now she's teaching a new generation t...,cree,20-12-2018 01:32,19-12-2018 20:32,20-12-2018 07:02,0.136363636,0.454545455,0.141,0.859,0,-0.4215,0.136363636,0.454545455,
1075624973878810000,rt : bobby a cree speaker found a willow that bloomed in december not supposed to happen prophecy earthchanges c...,cree,20-12-2018 05:32,20-12-2018 00:32,20-12-2018 11:02,0,0,0,1,0,0,0,0,
1075625755646840000,rt : bobby a cree speaker found a willow that bloomed in december not supposed to happen prophecy earthchanges c...,cree,20-12-2018 05:35,20-12-2018 00:35,20-12-2018 11:05,0,0,0,1,0,0,0,0,
1075626018205900000,rt : bobby a cree speaker found a willow that bloomed in december not supposed to happen prophecy earthchanges c...,cree,20-12-2018 05:36,20-12-2018 00:36,20-12-2018 11:06,0,0,0,1,0,0,0,0,
1075626366480060000,rt : bobby a cree speaker found a willow that bloomed in december not supposed to happen prophecy earthchanges c...,cree,20-12-2018 05:38,20-12-2018 00:38,20-12-2018 11:08,0,0,0,1,0,0,0,0,
1075631853862670000,rt : bobby a cree speaker found a willow that bloomed in december not supposed to happen prophecy earthchanges c...,cree,20-12-2018 05:59,20-12-2018 00:59,20-12-2018 11:29,0,0,0,1,0,0,0,0,
1075636911027440000,rt : bobby a cree speaker found a willow that bloomed in december not supposed to happen prophecy earthchanges c...,cree,20-12-2018 06:19,20-12-2018 01:19,20-12-2018 11:49,0,0,0,1,0,0,0,0,
1075662699386750000,reeeel deadly voice! cree,cree,20-12-2018 08:02,20-12-2018 03:02,20-12-2018 13:32,-0.25,0.4,0,1,0,0,-0.25,0.4,
1075703936110210000,great interview with author of becomingunbecoming in you can buy her graphicnovel at...,cree,20-12-2018 10:46,20-12-2018 05:46,20-12-2018 16:16,0.8,0.75,0,0.745,0.255,0.6249,0.8,0.75,
1075705163439090000,rt : great interview with author of becomingunbecoming in you can buy her graphicnovel at the...,cree,20-12-2018 10:51,20-12-2018 05:51,20-12-2018 16:21,0.8,0.75,0,0.773,0.227,0.6249,0.8,0.75,
1075705665027520000,rt : great interview with author of becomingunbecoming in you can buy her graphicnovel at the...,cree,20-12-2018 10:53,20-12-2018 05:53,20-12-2018 16:23,0.8,0.75,0,0.773,0.227,0.6249,0.8,0.75,
1075706221678780000,rt : great interview with author of becomingunbecoming in you can buy her graphicnovel at the...,cree,20-12-2018 10:55,20-12-2018 05:55,20-12-2018 16:25,0.8,0.75,0,0.773,0.227,0.6249,0.8,0.75,
1075709241925730000,rt : great interview with author of becomingunbecoming in you can buy her graphicnovel at the...,cree,20-12-2018 11:07,20-12-2018 06:07,20-12-2018 16:37,0.8,0.75,0,0.773,0.227,0.6249,0.8,0.75,
1075714523414310000,nice write-up of ' cree in commissioned by the cree is a self-contained...,cree,20-12-2018 11:28,20-12-2018 06:28,20-12-2018 16:58,0.6,1,0,0.781,0.219,0.4215,0.6,1,
1075714749147590000,come on dipstars its vs cree naag domil fans are voting against us we need to fight against these prs HEAVY BLACK HEART...,cree,20-12-2018 11:29,20-12-2018 06:29,20-12-2018 16:59,-0.183333333,0.466666667,0.106,0.894,0,-0.3818,-0.183333333,0.466666667,
1075715295166250000,rt : come on dipstars its vs cree naag domil fans are voting against us we need to fight against these prs HEAVY BLACK HEART bb bi...,cree,20-12-2018 11:31,20-12-2018 06:31,20-12-2018 17:01,-0.183333333,0.466666667,0.094,0.906,0,-0.3818,-0.183333333,0.466666667,
1075715773190920000,rt : come on dipstars its vs cree naag domil fans are voting against us we need to fight against these prs HEAVY BLACK HEART bb bi...,cree,20-12-2018 11:33,20-12-2018 06:33,20-12-2018 17:03,-0.183333333,0.466666667,0.094,0.906,0,-0.3818,-0.183333333,0.466666667,
1075715931966450000,rt : nice write-up of ' cree in commissioned by the cree is a self-contained grap...,cree,20-12-2018 11:33,20-12-2018 06:33,20-12-2018 17:03,0.6,1,0,0.811,0.189,0.4215,0.6,1,
1075718920114440000,rt : come on dipstars its vs cree naag domil fans are voting against us we need to fight against these prs HEAVY BLACK HEART bb bi...,cree,20-12-2018 11:45,20-12-2018 06:45,20-12-2018 17:15,-0.183333333,0.466666667,0.094,0.906,0,-0.3818,-0.183333333,0.466666667,
1075719673101100000,rt : come on dipstars its vs cree naag domil fans are voting against us we need to fight against these prs HEAVY BLACK HEART bb bi...,cree,20-12-2018 11:48,20-12-2018 06:48,20-12-2018 17:18,-0.183333333,0.466666667,0.094,0.906,0,-0.3818,-0.183333333,0.466666667,
1075722844892550000,rt : bobby a cree speaker found a willow that bloomed in december not supposed to happen prophecy earthchanges c...,cree,20-12-2018 12:01,20-12-2018 07:01,20-12-2018 17:31,0,0,0,1,0,0,0,0,
1075728588144400000,rt : bobby a cree speaker found a willow that bloomed in december not supposed to happen prophecy earthchanges c...,cree,20-12-2018 12:24,20-12-2018 07:24,20-12-2018 17:54,0,0,0,1,0,0,0,0,
1075753061191110000,rt : bobby a cree speaker found a willow that bloomed in december not supposed to happen prophecy earthchanges c...,cree,20-12-2018 14:01,20-12-2018 09:01,20-12-2018 19:31,0,0,0,1,0,0,0,0,
1075781659587300000,rt : great interview with author of becomingunbecoming in you can buy her graphicnovel at the...,cree,20-12-2018 15:55,20-12-2018 10:55,20-12-2018 21:25,0.8,0.75,0,0.773,0.227,0.6249,0.8,0.75,
1075783699507990000,yaw,ko for this article on and the cree and ojibway language program funded by next class...,cree,20-12-2018 16:03,20-12-2018 11:03,20-12-2018 21:33,0,0,0,1,0,0,0,0
1075811794290010000,rt : yaw,ko for this article on and the cree and ojibway language program funded by next class in j...,cree,20-12-2018 17:54,20-12-2018 12:54,20-12-2018 23:24,0,0,0,1,0,0,0,0
1075815858352440000,rt : former student and traditional singer bearheadsisters HEAVY BLACK HEART[?]nakotasioux cree,cree,20-12-2018 18:11,20-12-2018 13:11,20-12-2018 23:41,-0.091666667,0.420833333,0,1,0,0,-0.091666667,0.420833333,
1075820460531530000,we are proud to support the plains cree and ojibwe language program in vancouver organized by the pacific associa...,cree,20-12-2018 18:29,20-12-2018 13:29,20-12-2018 23:59,0.8,1,0,0.746,0.254,0.7003,0.8,1,
1075820569017210000,rt : we are proud to support the plains cree and ojibwe language program in vancouver organized by the pacific association of first...,cree,20-12-2018 18:29,20-12-2018 13:29,20-12-2018 23:59,0.525,0.666666667,0,0.775,0.225,0.7003,0.525,0.666666667,
1075822304121310000,rt : we are proud to support the plains cree and ojibwe language program in vancouver organized by the pacific association of first...,cree,20-12-2018 18:36,20-12-2018 13:36,21-12-2018 00:06,0.525,0.666666667,0,0.775,0.225,0.7003,0.525,0.666666667,
1075830546255600000,rt : we are proud to support the plains cree and ojibwe language program in vancouver organized by the pacific association of first...,cree,20-12-2018 19:09,20-12-2018 14:09,21-12-2018 00:39,0.525,0.666666667,0,0.775,0.225,0.7003,0.525,0.666666667,
1075854782030520000,just went to an elementary school christmasconcert rehearsal in edmonton and for the first time heard a version of...,cree,20-12-2018 20:45,20-12-2018 15:45,21-12-2018 02:15,0.275,0.616666667,0,1,0,0,0.275,0.616666667,
1075906754653760000,i'm a tabt what's your super power? we are lucky to have these super supports at our lady of peace ecsdawesome...,cree,21-12-2018 00:12,20-12-2018 19:12,21-12-2018 05:42,0.333333333,0.722222222,0,0.475,0.525,0.9485,0.333333333,0.722222222,
1075947475972670000,rt : we are proud to support the plains cree and ojibwe language program in vancouver organized by the pacific association of first...,cree,21-12-2018 02:54,20-12-2018 21:54,21-12-2018 08:24,0.525,0.666666667,0,0.775,0.225,0.7003,0.525,0.666666667,
1075956719497270000,rt : bobby a cree speaker found a willow that bloomed in december not supposed to happen prophecy earthchanges c...,cree,21-12-2018 03:30,20-12-2018 22:30,21-12-2018 09:00,0,0,0,1,0,0,0,0,
1076012333233650000,rt : we are proud to support the plains cree and ojibwe language program in vancouver organized by the pacific association of first...,cree,21-12-2018 07:11,21-12-2018 02:11,21-12-2018 12:41,0.525,0.666666667,0,0.775,0.225,0.7003,0.525,0.666666667,
1076061240718440000,rt : only when the lasttree has been cut down the lastfish been caught and the laststream poisoned will we realize we...,cree,21-12-2018 10:26,21-12-2018 05:26,21-12-2018 15:56,-0.077777778,0.644444444,0.218,0.782,0,-0.6486,-0.077777778,0.644444444,
1076128869915200000,rt : yaw,ko for this article on and the cree and ojibway language program funded by next class in j...,cree,21-12-2018 14:54,21-12-2018 09:54,21-12-2018 20:24,0,0,0,1,0,0,0,0
1076170278802200000,imagination is the creation of living that drives you to the next level just ne open to accept and receive...,cree,21-12-2018 17:39,21-12-2018 12:39,21-12-2018 23:09,0,0.25,0,0.793,0.207,0.5719,0,0.25,
1076179610449070000,new blog post! a visit from a cree-speaking santa claus christmashistory cree,cree,21-12-2018 18:16,21-12-2018 13:16,21-12-2018 23:46,0.170454545,0.454545455,0,1,0,0,0.170454545,0.454545455,
1076179911667210000,rt : indigenous language instructors learning to use google tools for education to enhance instruction,cree,21-12-2018 18:17,21-12-2018 13:17,21-12-2018 23:47,0,0,0,1,0,0,0,0,
1076216326744460000,cree and ojibwe language classes help urban students reclaim stolen heritage i wish she could hear me and i wi...,cree,21-12-2018 20:42,21-12-2018 15:42,22-12-2018 02:12,0,0,0.13,0.65,0.22,0.296,0,0,
1076216620547090000,rt : cree and ojibwe language classes help urban students reclaim stolen heritage i wish she could hear me and i wish we coul...,cree,21-12-2018 20:43,21-12-2018 15:43,22-12-2018 02:13,0,0,0.109,0.614,0.276,0.5994,0,0,
1076217170907020000,rt : cree and ojibwe language classes help urban students reclaim stolen heritage i wish she could hear me and i wish we coul...,cree,21-12-2018 20:45,21-12-2018 15:45,22-12-2018 02:15,0,0,0.109,0.614,0.276,0.5994,0,0,
1076221965835420000,rt : cree and ojibwe language classes help urban students reclaim stolen heritage i wish she could hear me and i wish we coul...,cree,21-12-2018 21:04,21-12-2018 16:04,22-12-2018 02:34,0,0,0.109,0.614,0.276,0.5994,0,0,
1076360846719180000,rt : the healthiest and most sustainable languages are cree inuktitut and ojibway with most of those speakers living in ontari...,cree,22-12-2018 06:16,22-12-2018 01:16,22-12-2018 11:46,0.5,0.5,0,1,0,0,0.5,0.5,
1076426280835230000,with our bodies we protect the land  x  acrylic on canvas protectors waterprotectors contemporaryart...,cree,22-12-2018 10:36,22-12-2018 05:36,22-12-2018 16:06,0,0,0,0.822,0.178,0.3818,0,0,
1076470614871790000,it recently dawned on me that despite living my whole life in canada it has taken me years to hear cree spoken...,cree,22-12-2018 13:32,22-12-2018 08:32,22-12-2018 19:02,0.1,0.325,0,1,0,0,0.1,0.325,
1076537863896840000,in cree omasinipihcikiw can refer to a painter a photographer or someone who captures something in the case...,cree,22-12-2018 18:00,22-12-2018 13:00,22-12-2018 23:30,0,0,0,1,0,0,0,0,
1076556239436420000,rt : in cree omasinipihcikiw can refer to a painter a photographer or someone who captures something in the case of the pi...,cree,22-12-2018 19:13,22-12-2018 14:13,23-12-2018 00:43,0,0,0,1,0,0,0,0,
1076566800064740000,wordoftheweek time! this week's word is nimosom which means my grandfather in cree wondering how to pronou...,cree,22-12-2018 19:55,22-12-2018 14:55,23-12-2018 01:25,0,0,0,1,0,0,0,0,
1076629983148130000,rt : wordoftheweek time! this week's word is nimosom which means my grandfather in cree wondering how to pronounce it? h...,cree,23-12-2018 00:06,22-12-2018 19:06,23-12-2018 05:36,0,0,0,1,0,0,0,0,
1076642049187860000,icymi: wordoftheweek time! this week's word is nimosom which means my grandfather in cree wondering how t...,cree,23-12-2018 00:54,22-12-2018 19:54,23-12-2018 06:24,0,0,0,1,0,0,0,0,
1076847476387270000,auction goes live today at pm est - christian morrisseau original painting acrylic on canvas circa first use...,cree,23-12-2018 14:30,23-12-2018 09:30,23-12-2018 20:00,0.190340909,0.395833333,0,0.874,0.126,0.3182,0.190340909,0.395833333,
1076847997504210000,rt : we are proud to support the plains cree and ojibwe language program in vancouver organized by the pacific association of first...,cree,23-12-2018 14:32,23-12-2018 09:32,23-12-2018 20:02,0.525,0.666666667,0,0.775,0.225,0.7003,0.525,0.666666667,
1076848158859150000,rt : dorothy eastman was beaten in residentialschool for speaking her indigenous language now she's teaching a new generation t...,cree,23-12-2018 14:33,23-12-2018 09:33,23-12-2018 20:03,0.136363636,0.454545455,0.141,0.859,0,-0.4215,0.136363636,0.454545455,
1076855037895360000,liquidation auction - bidonline now! christian morrisseau (-) original painting 'rabbit promise' x acryl...,cree,23-12-2018 15:00,23-12-2018 10:00,23-12-2018 20:30,0.1875,0.375,0,0.692,0.308,0.5983,0.1875,0.375,
1076864142353480000,check out nitecore ptac black  cree led tactical lumen flashlight cree via,cree,23-12-2018 15:36,23-12-2018 10:36,23-12-2018 21:06,-0.166666667,0.433333333,0,1,0,0,-0.166666667,0.433333333,
1076864443617680000,check out nitecore tm lumens cree xhp led rechargeable flashlight fl-nite-tm cree via,cree,23-12-2018 15:37,23-12-2018 10:37,23-12-2018 21:07,0,0,0,1,0,0,0,0,
1076864618763500000,check out nitecore pgt cree xp-l hi v led tactical compact flashlight lumens cree via,cree,23-12-2018 15:38,23-12-2018 10:38,23-12-2018 21:08,0,0,0,1,0,0,0,0,
1076871245440920000,interested in learning more about what it means to be a cree two-spirit member of the lgbtqs community? check ou...,cree,23-12-2018 16:04,23-12-2018 11:04,23-12-2018 21:34,0.375,0.5,0,0.87,0.13,0.4019,0.375,0.5,
1076871466983970000,james makokis--a cree two-spirit doctor in alberta--is earning praise from across the country and beyond for his u...,cree,23-12-2018 16:05,23-12-2018 11:05,23-12-2018 21:35,0,0,0,0.825,0.175,0.5574,0,0,
1076876459476530000,tired of seeing bad new today? here's a great read indigenous twospirit transhealth cree james makokis--a cree...,cree,23-12-2018 16:25,23-12-2018 11:25,23-12-2018 21:55,-0.040909091,0.64280303,0.272,0.553,0.174,-0.3182,-0.040909091,0.64280303,
1076993176190080000,rt : this is such an important interactive by these stories matter a cree doctor's caring approach for transgender p...,cree,24-12-2018 00:09,23-12-2018 19:09,24-12-2018 05:39,0.2,0.75,0,0.711,0.289,0.6249,0.2,0.75,
1076999964700690000,the exact definition for twospirit a term used by indigenous people varies from territory to territory for...,cree,24-12-2018 00:36,23-12-2018 19:36,24-12-2018 06:06,0.25,0.25,0,1,0,0,0.25,0.25,
