Tweet ID , Tweet Retweet count , Tweet Fav count , Tweet Text , Tweet Date , Tweet Time , Tweet Sensitivity , Tweet Verified User , Tweet Followers count , Favorited , Retweeted
1.06829E+18,0,FALSE,doubt everything find your own light  buddyled led light ledlights ledlight ledlighting lights hpr cree,11/29/2018,23:51:42,FALSE,FALSE,2,FALSE,FALSE
1.06834E+18,17,FALSE,rt @tiamowry: man i love my babies  cree cairo thank you for choosing me :) [two hearts],11/30/2018,2:45:46,FALSE,FALSE,738,FALSE,FALSE
1.06848E+18,0,FALSE,check out nitecore ptac black  cree led tactical  lumen flashlight  cree via @ebay,11/30/2018,12:05:09,FALSE,FALSE,1475,FALSE,FALSE
1.06848E+18,0,FALSE,check out nitecore tm  lumens cree xhp led rechargeable flashlight fl-nite-tm cree via @ebay,11/30/2018,12:10:05,FALSE,FALSE,1475,FALSE,FALSE
1.06848E+18,0,FALSE,check out nitecore pgt cree xp-l hi v led tactical compact flashlight  lumens cree via @ebay,11/30/2018,12:11:59,FALSE,FALSE,1475,FALSE,FALSE
1.06852E+18,0,FALSE,cree $cree  -% cree  inc (nasdaq:cree) gets downgraded to sell by jpmorgan chase co with a price targe,11/30/2018,14:41:04,FALSE,FALSE,545,FALSE,FALSE
1.06854E+18,0,FALSE,cree inc  downgrade by jp morgan (ranked st) to underweight $cree cree,11/30/2018,16:15:25,FALSE,FALSE,1147,FALSE,FALSE
1.06855E+18,10,FALSE,rt @highpope_brun: only when the lasttree has been cut down  the lastfish been caught  and the laststream poisoned  will we realize we,11/30/2018,16:49:50,None,FALSE,265,FALSE,FALSE
1.06857E+18,13,FALSE,rt @xinelank: my father spent many months working in quebecs northern communities in the s and took many photographs here is one of m',11/30/2018,18:19:03,None,FALSE,8225,FALSE,FALSE
1.06859E+18,0,FALSE,i am smiling because it it almost quittingtime tgif officeselfie weekendvibes twospirit cree anishinaabe,11/30/2018,19:25:50,FALSE,FALSE,76,FALSE,FALSE
1.0686E+18,0,FALSE,tia mowry and her babies  cree and cairo [baby][emoji modifier fitzpatrick type-]  are picture perfect [smiling face with heart-shaped eyes][heavy black heart][?] * * * cairo cree pictureperfect baby,11/30/2018,20:21:33,FALSE,FALSE,211,FALSE,FALSE
1.06862E+18,0,FALSE,man i love my babies  cree cairo thank you for choosing me :) [two hearts] ,11/30/2018,21:29:25,FALSE,TRUE,127832,FALSE,FALSE
1.06862E+18,4,FALSE,man i love my babies  cree cairo thank you for choosing me :) [two hearts] ,11/30/2018,21:29:25,FALSE,TRUE,2134549,FALSE,FALSE
1.06862E+18,0,FALSE,man i love my babies  cree cairo thank you for choosing me :) [two hearts],11/30/2018,21:29:32,FALSE,FALSE,19558,FALSE,FALSE
1.06862E+18,4,FALSE,rt @bet: man i love my babies  cree cairo thank you for choosing me :) [two hearts] ,11/30/2018,21:30:10,FALSE,FALSE,165,FALSE,FALSE
1.06862E+18,4,FALSE,rt @bet: man i love my babies  cree cairo thank you for choosing me :) [two hearts] ,11/30/2018,21:48:05,FALSE,FALSE,2989,FALSE,FALSE
1.06863E+18,4,FALSE,rt @bet: man i love my babies  cree cairo thank you for choosing me :) [two hearts] ,11/30/2018,22:16:44,FALSE,FALSE,140,FALSE,FALSE
1.06863E+18,5,FALSE,rt @rhonda_head: woo!!! just got an email from sirius sm satellite radio  they are going to play my rendition of ave maria in cree!!  musi,11/30/2018,22:30:41,None,FALSE,47,FALSE,FALSE
1.06866E+18,0,FALSE,w osram warm white k cob led grow light  buddyled led light ledlights ledlight,12/1/2018,0:03:50,FALSE,FALSE,3,FALSE,FALSE
1.06873E+18,8,FALSE,man i love my babies  cree cairo thank you for choosing me :) [two hearts] ,12/1/2018,5:00:00,FALSE,TRUE,2134660,FALSE,FALSE
1.06873E+18,1,FALSE,man i love my babies  cree cairo thank you for choosing me :) [two hearts] ,12/1/2018,5:00:00,FALSE,TRUE,127831,FALSE,FALSE
1.06873E+18,0,FALSE,man i love my babies  cree cairo thank you for choosing me :) [two hearts],12/1/2018,5:00:09,FALSE,FALSE,19559,FALSE,FALSE
1.06873E+18,8,FALSE,rt @bet: man i love my babies  cree cairo thank you for choosing me :) [two hearts] ,12/1/2018,5:04:22,FALSE,FALSE,94,FALSE,FALSE
1.06873E+18,8,FALSE,rt @bet: man i love my babies  cree cairo thank you for choosing me :) [two hearts] ,12/1/2018,5:05:21,FALSE,FALSE,460,FALSE,FALSE
1.06873E+18,8,FALSE,rt @bet: man i love my babies  cree cairo thank you for choosing me :) [two hearts] ,12/1/2018,5:10:46,FALSE,FALSE,4971,FALSE,FALSE
1.06873E+18,8,FALSE,rt @bet: man i love my babies  cree cairo thank you for choosing me :) [two hearts] ,12/1/2018,5:12:45,FALSE,FALSE,1671,FALSE,FALSE
1.06874E+18,1,FALSE,rt @betnews: man i love my babies  cree cairo thank you for choosing me :) [two hearts] ,12/1/2018,5:17:51,FALSE,FALSE,743,FALSE,FALSE
1.06875E+18,8,FALSE,rt @bet: man i love my babies  cree cairo thank you for choosing me :) [two hearts] ,12/1/2018,6:03:16,FALSE,FALSE,75,FALSE,FALSE
1.06875E+18,8,FALSE,rt @bet: man i love my babies  cree cairo thank you for choosing me :) [two hearts] ,12/1/2018,6:12:45,FALSE,FALSE,71,FALSE,FALSE
1.06879E+18,1,FALSE,man i love my babies  cree cairo thank you for choosing me :) [two hearts] ,12/1/2018,9:00:00,FALSE,TRUE,152293,FALSE,FALSE
1.06881E+18,1,FALSE,rt @bethertv: man i love my babies  cree cairo thank you for choosing me :) [two hearts] ,12/1/2018,10:30:33,FALSE,FALSE,252,FALSE,FALSE
1.06889E+18,0,FALSE,give light  and the darkness will disappear of itself  buddyled led light ledlights ledlight ledlighting,12/1/2018,15:25:12,FALSE,FALSE,4,FALSE,FALSE
1.0689E+18,0,FALSE,i believe! yolocreo cree todoesposible diciembre lomejorestaporllegar mujerdefe declara milagros,12/1/2018,16:08:14,FALSE,FALSE,197,FALSE,FALSE
1.06894E+18,0,FALSE,wordoftheweek time!  this weeks word is nimis which means my older sister in cree   wondering how to pronoun',12/1/2018,19:00:02,FALSE,FALSE,518,FALSE,FALSE
1.06895E+18,0,FALSE,one more why not? torch flashlight cree led blf lumens,12/1/2018,19:12:19,FALSE,FALSE,1722,FALSE,FALSE
1.06897E+18,0,FALSE,without filaments or glass enclosures  leds are breakage resistant and largely immune to vibrations and other impac,12/1/2018,20:35:44,FALSE,FALSE,4,FALSE,FALSE
1.06901E+18,2,FALSE,rt @bethertv: man i love my babies  cree cairo thank you for choosing me :) [two hearts] ,12/1/2018,23:45:19,FALSE,FALSE,103,FALSE,FALSE
1.06902E+18,5,FALSE,rt @bet: man i love my babies  cree cairo thank you for choosing me :) [two hearts] ,12/1/2018,23:52:41,FALSE,FALSE,1174,FALSE,FALSE
1.06904E+18,0,FALSE,sorteo de skins a los  followers! [person raising both hands in celebration] les va a gustar! [smirking face][ok hand sign]cree mancosquad teamdesvela,12/2/2018,1:06:36,FALSE,FALSE,71,FALSE,FALSE
1.06925E+18,0,FALSE,w cree cxb x cob led grow light  buddyled led light ledlights ledlight,12/2/2018,15:24:57,FALSE,FALSE,4,FALSE,FALSE
1.06928E+18,0,FALSE,not in our area an eighty year old grandma and a  year old guy have gone missing is it coincidence that the man,12/2/2018,17:03:45,FALSE,FALSE,888,FALSE,FALSE
1.06928E+18,9,FALSE,rt @bet: man i love my babies  cree cairo thank you for choosing me :) [two hearts] ,12/2/2018,17:26:28,FALSE,FALSE,204,FALSE,FALSE
1.06943E+18,0,FALSE,new captain marvel poster!   repost/regram from marvelstudios and @clarkgregg    repost regram captainmarvel,12/3/2018,3:08:41,FALSE,FALSE,139,FALSE,FALSE
1.06957E+18,0,FALSE,tiamowry which her kidz cree and cairo,12/3/2018,12:28:25,FALSE,FALSE,114,FALSE,FALSE
1.06962E+18,0,FALSE,little metis cree jigging man on a monday morning [face with tears of joy][heavy black heart][?] @ winnipeg  manitoba,12/3/2018,15:52:17,FALSE,FALSE,2738,FALSE,FALSE
1.06965E+18,0,FALSE,cree $cree  +% analysts expect cree  inc (cree) will post earnings of $ per share,12/3/2018,17:52:03,FALSE,FALSE,546,FALSE,FALSE
1.06966E+18,0,FALSE,taken right before departing for new york@davincibeauty  you did a great job  ,12/3/2018,18:25:54,FALSE,FALSE,165,FALSE,FALSE
1.06968E+18,11,FALSE,rt @highpope_brun: only when the lasttree has been cut down  the lastfish been caught  and the laststream poisoned  will we realize we,12/3/2018,19:51:03,None,FALSE,12978,FALSE,FALSE
1.06976E+18,0,FALSE,[christmas tree][skull]misfits for christmas[skull][christmas tree] *throwback* makeup look from  (i think?) &gt; @jentheodora &lt;                ,12/4/2018,1:18:19,FALSE,FALSE,711,FALSE,FALSE
1.06977E+18,4,FALSE,rt @skyeapeetogosan: tansi! i created a instagram page to promote cree language! nehiyawewin cree,12/4/2018,1:30:39,FALSE,FALSE,2908,FALSE,FALSE
1.06977E+18,0,FALSE,so blessed she is my soulmate the incomparable elegant sophisticated beautiful @icarmendavis [fire] [purple heart]lifepartner,12/4/2018,2:04:13,FALSE,FALSE,6012,FALSE,FALSE
1.06981E+18,0,FALSE,native american saying cree greenpeace warning plastic,12/4/2018,4:25:48,FALSE,FALSE,874,FALSE,FALSE
1.06991E+18,1,FALSE,people of the north! im in @bigissuenorth this week! a double page spread about my new book cree with pics and in',12/4/2018,10:47:17,FALSE,FALSE,1497,FALSE,FALSE
1.06991E+18,1,FALSE,rt @unacomics: people of the north! im in @bigissuenorth this week! a double page spread about my new book cree with pics and interview',12/4/2018,11:07:44,FALSE,FALSE,9207,FALSE,FALSE
1.06994E+18,4,FALSE,rt @skyeapeetogosan: tansi! i created a instagram page to promote cree language! nehiyawewin cree,12/4/2018,13:16:48,FALSE,FALSE,9009,FALSE,FALSE
1.06994E+18,4,FALSE,rt @skyeapeetogosan: tansi! i created a instagram page to promote cree language! nehiyawewin cree,12/4/2018,13:17:42,FALSE,FALSE,1215,FALSE,FALSE
1.06995E+18,4,FALSE,rt @skyeapeetogosan: tansi! i created a instagram page to promote cree language! nehiyawewin cree,12/4/2018,13:38:06,FALSE,FALSE,635,FALSE,FALSE
1.06997E+18,0,FALSE,traditional light sources tend to have shorter lifespan the more theyre switched on and off whereas leds are unaff',12/4/2018,15:21:18,FALSE,FALSE,4,FALSE,FALSE
1.07001E+18,0,FALSE,dr lana whiskeyjack presents her art and story to a captivated audience in our indigenous knowledge and research c,12/4/2018,17:49:29,FALSE,FALSE,405,FALSE,FALSE
1.07011E+18,3,FALSE,rt @cue_president: dr lana whiskeyjack presents her art and story to a captivated audience in our indigenous knowledge and research centre,12/5/2018,0:23:13,None,FALSE,35,FALSE,FALSE
1.07013E+18,5,FALSE,rt @skyeapeetogosan: tansi! i created a instagram page to promote cree language! nehiyawewin cree,12/5/2018,1:20:37,FALSE,FALSE,672,FALSE,FALSE
1.07016E+18,3,FALSE,rt @cue_president: dr lana whiskeyjack presents her art and story to a captivated audience in our indigenous knowledge and research centre,12/5/2018,3:39:01,None,FALSE,273,FALSE,FALSE
1.07017E+18,0,FALSE,@regran_ed from @tiamowry  -  man i love my babies  cree cairo thank you for choosing me :) [two hearts]  - regrann,12/5/2018,4:08:18,FALSE,FALSE,258,FALSE,FALSE
1.07017E+18,3,FALSE,rt @cue_president: dr lana whiskeyjack presents her art and story to a captivated audience in our indigenous knowledge and research centre,12/5/2018,4:30:23,None,FALSE,1706,FALSE,FALSE
1.0703E+18,0,FALSE,cmon snow  need more  waiting to get my skis out! winter xcskiing cree moosefactory,12/5/2018,12:45:13,None,FALSE,1353,FALSE,FALSE
1.07034E+18,0,FALSE,be a light to the world  buddyled led light ledlights ledlight ledlighting lights hpr cree vero,12/5/2018,15:13:30,FALSE,FALSE,5,FALSE,FALSE
1.07034E+18,3,FALSE,inuit cree reconciliation: a documentary built on oral history,12/5/2018,15:38:01,FALSE,FALSE,14675,FALSE,FALSE
1.07034E+18,3,FALSE,rt @nctr_um: inuit cree reconciliation: a documentary built on oral history,12/5/2018,15:39:31,FALSE,FALSE,264,FALSE,FALSE
1.07035E+18,1,FALSE,get your copy of this weeks big issue north @bigissuenorth to read about the amazing @unacomics and her new graphi',12/5/2018,16:16:07,FALSE,FALSE,536,FALSE,FALSE
1.07035E+18,1,FALSE,rt @mayflypress: get your copy of this weeks big issue north @bigissuenorth to read about the amazing @unacomics and her new graphic novel',12/5/2018,16:17:01,None,FALSE,9213,FALSE,FALSE
1.07037E+18,3,FALSE,rt @nctr_um: inuit cree reconciliation: a documentary built on oral history,12/5/2018,17:27:06,FALSE,FALSE,755,FALSE,FALSE
1.07038E+18,3,FALSE,rt @nctr_um: inuit cree reconciliation: a documentary built on oral history,12/5/2018,18:06:31,FALSE,FALSE,267,FALSE,FALSE
1.07047E+18,0,FALSE,w osram rgb  band full spectrum cob led grow light  buddyled led light ledlights,12/6/2018,0:05:23,FALSE,FALSE,5,FALSE,FALSE
1.07048E+18,0,FALSE,inuit cree reconciliation: a documentary built on oral history,12/6/2018,0:32:02,FALSE,FALSE,337,FALSE,FALSE
1.07048E+18,0,FALSE,cree nation government th anniversary gala of the department of justice and correctional services cree justice,12/6/2018,1:03:04,FALSE,FALSE,2524,FALSE,FALSE
1.07049E+18,0,FALSE,honourable carolyn bennett  minister of crown indigenous relations is speaking about justice cree culture is the,12/6/2018,1:14:39,FALSE,FALSE,2524,FALSE,FALSE
1.0705E+18,0,FALSE,don nicholls speaking at the  anniversary gala of the department of justice and correctional services of the cree,12/6/2018,2:17:33,FALSE,FALSE,2524,FALSE,FALSE
1.07052E+18,0,FALSE,sorteo de skins a los  followers! [person raising both hands in celebration] les va a gustar! [smirking face][ok hand sign]cree mancosquad teamdesvela,12/6/2018,3:21:03,FALSE,FALSE,71,FALSE,FALSE
1.07063E+18,2,FALSE,rt @mayflypress: get your copy of this weeks big issue north @bigissuenorth to read about the amazing @unacomics and her new graphic novel',12/6/2018,10:30:58,None,FALSE,3432,FALSE,FALSE
1.07065E+18,0,FALSE,check out nitecore ptac black  cree led tactical  lumen flashlight  cree via @ebay,12/6/2018,11:51:44,FALSE,FALSE,1478,FALSE,FALSE
1.07065E+18,0,FALSE,check out nitecore tm  lumens cree xhp led rechargeable flashlight fl-nite-tm cree via @ebay,12/6/2018,11:54:31,FALSE,FALSE,1478,FALSE,FALSE
1.07065E+18,0,FALSE,check out nitecore pgt cree xp-l hi v led tactical compact flashlight  lumens cree via @ebay,12/6/2018,12:04:52,FALSE,FALSE,1478,FALSE,FALSE
1.07069E+18,1,FALSE,traditional parenting visits from cree elders connect urban firstnations families with culture,12/6/2018,14:40:08,FALSE,FALSE,380,FALSE,FALSE
1.07069E+18,1,FALSE,rt @usasksph: traditional parenting visits from cree elders connect urban firstnations families with culture,12/6/2018,14:48:45,FALSE,FALSE,1092,FALSE,FALSE
1.0707E+18,0,FALSE,darkness cannot drive out darkness: only light can do that  buddyled led light ledlights ledlight,12/6/2018,15:13:41,FALSE,FALSE,5,FALSE,FALSE
1.07074E+18,1,FALSE,rt @iamtiamowry: man i love my babies  cree cairo thank you for choosing me :) [two hearts],12/6/2018,17:59:26,FALSE,FALSE,1438,FALSE,FALSE
1.07083E+18,3,FALSE,rt @buddyled: it can take more than a few dollars to make commercial fluorescent lighting systems dimmable  but leds  as semiconductor devi,12/7/2018,0:01:40,None,FALSE,2109,FALSE,FALSE
1.07084E+18,15,FALSE,rt @highpope_brun: only when the lasttree has been cut down  the lastfish been caught  and the laststream poisoned  will we realize we,12/7/2018,0:40:26,None,FALSE,3072,FALSE,FALSE
1.07102E+18,0,FALSE,which brand is using social media the best? @bridgelux xicato cree lumileds  find out here: socialrivals,12/7/2018,12:30:05,FALSE,FALSE,241,FALSE,FALSE
1.07103E+18,4,FALSE,rt @usasksph: traditional parenting visits from cree elders connect urban firstnations families with culture,12/7/2018,13:19:33,FALSE,FALSE,324,FALSE,FALSE
1.07103E+18,4,FALSE,rt @usasksph: traditional parenting visits from cree elders connect urban firstnations families with culture,12/7/2018,13:19:48,FALSE,FALSE,983,FALSE,FALSE
1.07105E+18,0,FALSE,w hpr red and white cob led grow light  buddyled led light ledlights ledlight,12/7/2018,14:36:19,FALSE,FALSE,6,FALSE,FALSE
1.07105E+18,15,FALSE,rt @highpope_brun: only when the lasttree has been cut down  the lastfish been caught  and the laststream poisoned  will we realize we,12/7/2018,14:49:15,None,FALSE,1136,FALSE,FALSE
1.07105E+18,0,FALSE,the evol is real the deception is sickening they not hueman the cree is a real group of pplthey really lived (,12/7/2018,14:49:40,None,FALSE,330,FALSE,FALSE
1.07105E+18,0,FALSE,the cree are still alive!!!! imagine the goofy fukking descendants of the cree indians that just believes everyt,12/7/2018,14:51:19,None,FALSE,330,FALSE,FALSE
1.07105E+18,0,FALSE,all of marvel is our history when you look at it!!!!! the fact that thousands maybe millions of actual cree india,12/7/2018,14:52:49,None,FALSE,330,FALSE,FALSE
1.07106E+18,0,FALSE,then they want you to be some stupid fukking colonized then a mf watching the shit yo ancestors created have ch,12/7/2018,15:05:51,None,FALSE,330,FALSE,FALSE
1.07106E+18,15,FALSE,rt @highpope_brun: only when the lasttree has been cut down  the lastfish been caught  and the laststream poisoned  will we realize we,12/7/2018,15:29:44,None,FALSE,4299,FALSE,FALSE
1.07106E+18,15,FALSE,rt @highpope_brun: only when the lasttree has been cut down  the lastfish been caught  and the laststream poisoned  will we realize we,12/7/2018,15:30:48,None,FALSE,184,FALSE,FALSE
1.07107E+18,0,FALSE,happy holidays music cree joy love silentnight,12/7/2018,16:07:33,FALSE,FALSE,2172,FALSE,FALSE
1.07137E+18,1,FALSE,rt @texalbert: was johnlennons imagine inspired by alberta cree lillianpicheshirt's grandmother? via @folioualberta',12/8/2018,11:54:38,None,FALSE,2775,FALSE,FALSE
1.0714E+18,2,FALSE,rt @rhonda_head: happy holidays music cree joy love silentnight,12/8/2018,13:32:27,FALSE,FALSE,1349,FALSE,FALSE
1.07141E+18,1,FALSE,christmas freebie alert! buy cree from my website or etsy shop and receive a free copy of on sanity: one day in tw,12/8/2018,14:05:14,FALSE,FALSE,1497,FALSE,FALSE
1.07143E+18,0,FALSE,been a good week for shine toques and cd sales in moose factory! bassist cree moosefactoryfans midnighshine,12/8/2018,15:40:13,None,FALSE,1352,FALSE,FALSE
1.07144E+18,0,FALSE,rt: been a good week for shine toques and cd sales in moose factory! bassist cree moosefactoryfans midnighshine via @stanlouttit,12/8/2018,16:16:57,None,FALSE,2678,FALSE,FALSE
1.07146E+18,1,FALSE,rt @texalbert: was johnlennons imagine inspired by alberta cree lillianpicheshirt's grandmother? via @folioualberta',12/8/2018,17:39:23,None,FALSE,2773,FALSE,FALSE
1.07147E+18,2,FALSE,rt @rhonda_head: happy holidays music cree joy love silentnight,12/8/2018,18:12:06,FALSE,FALSE,4197,FALSE,FALSE
1.07148E+18,1,FALSE,rt @unacomics: christmas freebie alert! buy cree from my website or etsy shop and receive a free copy of on sanity: one day in two lives a,12/8/2018,18:58:08,None,FALSE,682,FALSE,FALSE
1.07148E+18,0,FALSE,check out our  days of christmas steal of the day day  cree dress $',12/8/2018,19:02:28,FALSE,FALSE,76,FALSE,FALSE
1.07148E+18,0,FALSE,was johnlennons imagine inspired by alberta cree lillianpicheshirt's grandmother? via @folioualberta',12/8/2018,19:10:45,FALSE,FALSE,2773,FALSE,FALSE
1.07149E+18,0,FALSE,wordoftheweek time!  this weeks word is astam which means come here in cree   wondering how to pronounce it?',12/8/2018,19:25:05,FALSE,FALSE,535,FALSE,FALSE
1.07149E+18,0,FALSE,swampycree derives from the cree (algonquian) language  spoken by more than   canadians it is one of,12/8/2018,19:31:45,FALSE,FALSE,90,FALSE,FALSE
1.07156E+18,4,FALSE,rt @cue_president: dr lana whiskeyjack presents her art and story to a captivated audience in our indigenous knowledge and research centre,12/9/2018,0:00:18,None,FALSE,1605,FALSE,FALSE
1.07157E+18,0,FALSE,icymi: wordoftheweek time!  this weeks word is astam which means come here in cree   wondering how to prono',12/9/2018,0:54:02,FALSE,FALSE,538,FALSE,FALSE
1.07163E+18,3,FALSE,rt @naheyawin: wordoftheweek time!  this weeks word is astam which means come here in cree   wondering how to pronounce it? hunter h',12/9/2018,4:39:39,None,FALSE,2655,FALSE,FALSE
1.0717E+18,0,FALSE,ive got some great festive offers on my etsy shop including a free on sanity when you buy cree',12/9/2018,9:48:46,FALSE,FALSE,1499,FALSE,FALSE
1.07171E+18,0,FALSE,@tensiontest canada is land stolen from various self-governing self-sufficient tribes-- inuit iroquois cree,12/9/2018,10:10:54,None,FALSE,127,FALSE,FALSE
1.07181E+18,3,FALSE,rt @rhonda_head: happy holidays music cree joy love silentnight,12/9/2018,16:57:33,FALSE,FALSE,5636,FALSE,FALSE
1.07183E+18,1,FALSE,bbc news - canada moose cree firstnation to get drone deliveries,12/9/2018,18:11:39,FALSE,FALSE,7735,FALSE,FALSE
1.07186E+18,3,FALSE,rt @eyeonthearctic: first nation bans indigenous harvest of declining caribou herd in northern quebec via @cbcno,12/9/2018,19:58:01,TRUE,FALSE,1517,FALSE,FALSE
1.07186E+18,0,FALSE,~make ya feel like a sunday morning[two hearts][two hearts] beautiful day in saskatoon [heavy heart exclamation mark ornament] latest selfie of ya girl in her new hometown [white right pointing backhand index][emoji modifier fitzpatrick type-],12/9/2018,20:04:08,FALSE,FALSE,3725,FALSE,FALSE
1.07187E+18,3,FALSE,rt @eyeonthearctic: first nation bans indigenous harvest of declining caribou herd in northern quebec via @cbcno,12/9/2018,20:44:45,FALSE,FALSE,7483,FALSE,FALSE
1.07187E+18,3,FALSE,rt @eyeonthearctic: first nation bans indigenous harvest of declining caribou herd in northern quebec via @cbcno,12/9/2018,20:48:14,FALSE,FALSE,1105,FALSE,FALSE
1.07188E+18,16,FALSE,rt @highpope_brun: only when the lasttree has been cut down  the lastfish been caught  and the laststream poisoned  will we realize we,12/9/2018,21:33:11,None,FALSE,62,FALSE,FALSE
1.07189E+18,1,FALSE,rt @pdeppisch: bbc news - canada moose cree firstnation to get drone deliveries,12/9/2018,22:15:45,FALSE,FALSE,4165,FALSE,FALSE
1.07199E+18,2,FALSE,rt @pdeppisch: bbc news - canada moose cree firstnation to get drone deliveries,12/10/2018,4:38:12,FALSE,FALSE,9171,FALSE,FALSE
1.07203E+18,0,FALSE,ha new official languages law  needed five billion a year for fifteen percent population promote firstnations l,12/10/2018,7:28:26,FALSE,FALSE,270,FALSE,FALSE
1.07207E+18,2,FALSE,rt @unacomics: christmas freebie alert! buy cree from my website or etsy shop and receive a free copy of on sanity: one day in two lives a,12/10/2018,10:19:39,None,FALSE,3633,FALSE,FALSE
1.0721E+18,0,FALSE,cree nehiyawewin /? nehiyawetan! (lets speak cree) the most common greeting is tanisi? lit how?; namoya nanit',12/10/2018,12:21:46,None,FALSE,91,FALSE,FALSE
1.07218E+18,0,FALSE,cree nation bans indigenous harvest of george river caribou,12/10/2018,17:15:10,FALSE,FALSE,335,FALSE,FALSE
1.07218E+18,1,FALSE,was john lennons imagine inspired by alberta cree grandmother lillian piche shirt? possibly this globally icon',12/10/2018,17:16:23,FALSE,FALSE,4477,FALSE,FALSE
1.07218E+18,1,FALSE,rt @uofa_arts: was john lennons imagine inspired by alberta cree grandmother lillian piche shirt? possibly this globally iconic song m',12/10/2018,17:16:41,None,TRUE,3508,FALSE,FALSE
1.07219E+18,0,FALSE,cree $cree  % monitoring some price target data  we have noticed that shares of cree  inc (nasdaq:cree) c,12/10/2018,17:55:03,FALSE,FALSE,547,FALSE,FALSE
1.07233E+18,0,FALSE,probably not a yeti but this was definitely a weird ass incident in the siberian tundra sooo interesting grab some,12/11/2018,3:38:19,FALSE,FALSE,111,FALSE,FALSE
1.07241E+18,0,FALSE,darnell  anthropology uwo cree anishnaabe language reserves,12/11/2018,8:22:55,FALSE,FALSE,270,FALSE,FALSE
1.07242E+18,0,FALSE,explore how cree uses azure data box edge to support their growth by storing data in the cloud - cengiz balkas,12/11/2018,9:00:00,FALSE,FALSE,1799,FALSE,FALSE
1.0725E+18,0,FALSE,cree $cree  +% cree  inc (nasdaqgs:cree)s sales growth of  is turning heads',12/11/2018,14:52:05,FALSE,FALSE,548,FALSE,FALSE
1.07267E+18,0,FALSE,meegwetch [person raising both hands in celebration] miigwetch means thank you! whats the correct spelling of it + is it ojibwe cree anishinaabe?  kee',12/12/2018,1:32:59,None,FALSE,941,FALSE,FALSE
1.07282E+18,0,FALSE,check out nitecore ptac black  cree led tactical  lumen flashlight  cree via @ebay,12/12/2018,11:58:26,FALSE,FALSE,1480,FALSE,FALSE
1.07282E+18,0,FALSE,check out nitecore tm  lumens cree xhp led rechargeable flashlight fl-nite-tm cree via @ebay,12/12/2018,12:02:45,FALSE,FALSE,1480,FALSE,FALSE
1.07282E+18,0,FALSE,check out nitecore pgt cree xp-l hi v led tactical compact flashlight  lumens cree via @ebay,12/12/2018,12:03:50,FALSE,FALSE,1480,FALSE,FALSE
1.07312E+18,1,FALSE,the cree nation prioritize % of their territory for conservation protection - including broadback forest,12/13/2018,7:30:04,FALSE,FALSE,8739,FALSE,FALSE
1.07312E+18,1,FALSE,rt @nicolerycroft: the cree nation prioritize % of their territory for conservation protection - including broadback forest @cree,12/13/2018,7:34:39,None,TRUE,2892,FALSE,FALSE
1.07322E+18,1,FALSE,rt @_exquisitelala: i hit the lottery  jackpot  | tkeezin and maccspitter @bishpdonspitter @tkeezin- listen download cree http://t,12/13/2018,14:08:38,None,FALSE,624,FALSE,FALSE
1.07322E+18,0,FALSE,i just learned what yellow dogs real name is  acimosis it means puppy in cree yellowdogbook',12/13/2018,14:25:45,None,FALSE,1,FALSE,FALSE
1.07322E+18,0,FALSE,otapewatim what does it mean in cree ? yellowdogbook,12/13/2018,14:30:10,None,FALSE,1,FALSE,FALSE
1.07323E+18,0,FALSE,congratulations to the  new graduates of mcgills indigenous language and literacy education program! this cert',12/13/2018,15:05:07,FALSE,TRUE,5753,FALSE,FALSE
1.07328E+18,0,FALSE,how do you say merry christmas in cree? cree,12/13/2018,18:30:40,FALSE,FALSE,966,FALSE,FALSE
1.07353E+18,1,FALSE,[oceworkshop] @josephtixier live from madagascar about entrepreneurship education in emerging countries,12/14/2018,10:34:06,FALSE,FALSE,1988,FALSE,FALSE
1.07353E+18,1,FALSE,rt @fabbrijulie: [oceworkshop] @josephtixier live from madagascar about entrepreneurship education in emerging countries ethnography @cent,12/14/2018,10:41:01,None,FALSE,137,FALSE,FALSE
1.07355E+18,0,FALSE,yall couldn't even fathom what's it's like [relieved face][heavy heart exclamation mark ornament][?][sparkles] nothinglikeus songhai bf cree ',12/14/2018,12:01:44,FALSE,FALSE,131,FALSE,FALSE
1.07357E+18,2,FALSE,economics tchrs - farming for the future: cree potato project keeps traditional knowledge alive,12/14/2018,13:15:15,FALSE,FALSE,1850,FALSE,FALSE
1.07357E+18,2,FALSE,rt @ohassta: economics tchrs - farming for the future: cree potato project keeps traditional knowledge alive,12/14/2018,13:33:15,FALSE,FALSE,2776,FALSE,FALSE
1.07358E+18,0,FALSE,farming for the future: cree potato project keeps traditional knowledge alive,12/14/2018,14:03:07,FALSE,FALSE,263,FALSE,FALSE
1.07358E+18,0,FALSE,looking for ways to save this holiday season? toss out the old bulbs for leds - they last   hours and use %,12/14/2018,14:21:02,FALSE,FALSE,1410,FALSE,FALSE
1.07361E+18,0,FALSE,rt @our_languages: congratulations to the  new graduates of mcgills indigenous language and literacy education program! this certifica',12/14/2018,16:07:15,None,FALSE,129,FALSE,FALSE
1.07363E+18,0,FALSE,cree language app in development to bring generations together @fnesc firstpeople bcedchat,12/14/2018,17:07:25,FALSE,FALSE,1525,FALSE,FALSE
1.07363E+18,2,FALSE,rt @ohassta: economics tchrs - farming for the future: cree potato project keeps traditional knowledge alive,12/14/2018,17:31:15,FALSE,FALSE,131,FALSE,FALSE
1.07379E+18,1,FALSE,am i the only who thinks patience is the one who killed creek? manfred is barking up the wrong creek blaming kai,12/15/2018,4:05:25,FALSE,FALSE,3090,FALSE,FALSE
1.07379E+18,0,FALSE,@jasonlewis @nbcmidnighttx well he was defending himself! manfred just cant attack someone with a suspicion! anywa',12/15/2018,4:06:18,None,FALSE,3090,FALSE,FALSE
1.07379E+18,1,FALSE,@nbcmidnighttx hell no i dont trust her at all! they are tit for tat that's why they have such a good partnership!',12/15/2018,4:08:09,None,FALSE,3090,FALSE,FALSE
1.07379E+18,2,FALSE,evil looks really good on @parisafh so now im expecting her to roll up in leather and lace!  @yaeltygiel @hayj_',12/15/2018,4:09:51,FALSE,FALSE,3090,FALSE,FALSE
1.07379E+18,1,FALSE,@jasonlewis @nbcmidnighttx is it wrong i wish i had the put someone to sleep' power?  @yaeltygiel @hayj_',12/15/2018,4:11:02,None,FALSE,3090,FALSE,FALSE
1.07379E+18,2,FALSE,rt @cherry_la: evil looks really good on @parisafh so now im expecting her to roll up in leather and lace!  @yaeltygiel @hayj_ @stephsabra',12/15/2018,4:11:11,None,FALSE,322,FALSE,FALSE
1.07379E+18,1,FALSE,@parisafh are you looking for some strange you naughty witch! @yaeltygiel @hayj_ @stephsabraw midnighttexas,12/15/2018,4:11:42,FALSE,FALSE,3090,FALSE,FALSE
1.07379E+18,0,FALSE,so sorry i missed @jasonlewis @instagram takeover &lt;wah&gt; hopefully he can skype in one sunday with  @yaeltygiel,12/15/2018,4:13:19,FALSE,FALSE,3090,FALSE,FALSE
1.07379E+18,0,FALSE,am i the only whod go batcrap crazy to find out my soulmate was cheating on me with some low rent cowboy?',12/15/2018,4:16:33,None,FALSE,3090,FALSE,FALSE
1.07379E+18,0,FALSE,im beginning to think that kai wasn't sleeping with those women and patience is the pulling the strings',12/15/2018,4:17:36,None,FALSE,3090,FALSE,FALSE
1.0738E+18,0,FALSE,that cowboy better leave chuy alone hes not in the mood for his husband's lover @yaeltygiel @hayj_ @stephsabraw',12/15/2018,4:20:54,FALSE,FALSE,3090,FALSE,FALSE
1.0738E+18,1,FALSE,i dont think midnighters want to meet kai's friend  @yaeltygiel @hayj_ @stephsabraw midnighttexas afterbuzztv',12/15/2018,4:23:23,FALSE,FALSE,3090,FALSE,FALSE
1.0738E+18,0,FALSE,@jeffreyareddick @parisafh bad never looked so good!  @yaeltygiel @hayj_ @stephsabraw midnighttexas afterbuzztv,12/15/2018,4:26:20,FALSE,FALSE,3090,FALSE,FALSE
1.0738E+18,0,FALSE,oh hell no my man is not rubbing someone elses feet dammit  @yaeltygiel @hayj_ @stephsabraw midnighttexas',12/15/2018,4:30:37,FALSE,FALSE,3090,FALSE,FALSE
1.0738E+18,1,FALSE,bobo is too good for evil fiji   @yaeltygiel @hayj_ @stephsabraw midnighttexas afterbuzztv abtvmidnighters,12/15/2018,4:31:34,FALSE,FALSE,3090,FALSE,FALSE
1.0738E+18,2,FALSE,[face with tears of joy][face with tears of joy]rt @cherry_la: oh hell no my man is not rubbing someone elses feet dammit  @yaeltygiel @hayj_ @stephsabraw',12/15/2018,4:32:54,FALSE,FALSE,322,FALSE,FALSE
1.0738E+18,0,FALSE,@nbcmidnighttx damn she went for michael b jordan &lt;shock&gt; if she wants to try chocolate he does look tasty,12/15/2018,4:35:19,FALSE,FALSE,3090,FALSE,FALSE
1.0738E+18,0,FALSE,cowboy better hope chuy doesnt find him @yaeltygiel @hayj_ @stephsabraw midnighttexas afterbuzztv',12/15/2018,4:38:28,FALSE,FALSE,3090,FALSE,FALSE
1.0738E+18,0,FALSE,bobo should have told everyone sooner! am so talking about this sunday with @yaeltygiel @hayj_ @stephsabraw,12/15/2018,4:40:10,None,FALSE,3090,FALSE,FALSE
1.0738E+18,0,FALSE,rain or shine  does that include you sleeping with someone else? &lt;hmm&gt; midnighttexas afterbuzztv,12/15/2018,4:49:34,None,FALSE,3090,FALSE,FALSE
1.0738E+18,0,FALSE,how dare you kill chuy for your sidepiece! im so mad at joe strong right now @yaeltygiel @hayj_ @stephsabraw',12/15/2018,4:51:12,FALSE,FALSE,3090,FALSE,FALSE
1.0738E+18,2,FALSE,rt @midnight_tx: [face with tears of joy][face with tears of joy]rt @cherry_la: oh hell no my man is not rubbing someone elses feet dammit  @yaeltygiel @hayj_ @stephsabraw midnighttex',12/15/2018,4:53:46,None,FALSE,80,FALSE,FALSE
1.0738E+18,0,FALSE,i thought for a minute evil fiji might like some bdsm @yaeltygiel @hayj_ @stephsabraw midnighttexas afterbuzztv,12/15/2018,4:57:29,FALSE,FALSE,3090,FALSE,FALSE
1.0738E+18,1,FALSE,like ive been saying patience ain't a damn bit of good @yaeltygiel @hayj_ @stephsabraw midnighttexas afterbuzztv',12/15/2018,4:58:10,FALSE,FALSE,3090,FALSE,FALSE
1.07381E+18,1,FALSE,men are always blinded by beautiful women @parisafh @jaimeraynewman @yaeltygiel @hayj_ @stephsabraw @nbcmidnighttx,12/15/2018,5:01:05,FALSE,FALSE,3090,FALSE,FALSE
1.07381E+18,0,FALSE,am i the only one made at joe? he should have let chuy kill the cowboy he was warned! @yaeltygiel @hayj_,12/15/2018,5:03:15,FALSE,FALSE,3090,FALSE,FALSE
1.07381E+18,1,FALSE,@jypseywheel @yaeltygiel @hayj_ @stephsabraw a thousand times and painfully hes a scoundrel! midnighttexas',12/15/2018,5:06:53,FALSE,FALSE,3090,FALSE,FALSE
1.07382E+18,1,FALSE,rt @cherry_la: men are always blinded by beautiful women @parisafh @jaimeraynewman @yaeltygiel @hayj_ @stephsabraw @nbcmidnighttx @afterbuz,12/15/2018,6:17:30,None,FALSE,1185,FALSE,FALSE
1.07382E+18,1,FALSE,rt @cherry_la: like ive been saying patience ain't a damn bit of good @yaeltygiel @hayj_ @stephsabraw midnighttexas afterbuzztv abtvmid',12/15/2018,6:18:43,None,FALSE,1185,FALSE,FALSE
1.07383E+18,2,FALSE,rt @midnight_tx: [face with tears of joy][face with tears of joy]rt @cherry_la: oh hell no my man is not rubbing someone elses feet dammit  @yaeltygiel @hayj_ @stephsabraw midnighttex',12/15/2018,6:26:50,None,FALSE,1185,FALSE,FALSE
1.07383E+18,1,FALSE,rt @cherry_la: bobo is too good for evil fiji   @yaeltygiel @hayj_ @stephsabraw midnighttexas afterbuzztv abtvmidnighters midnighters ,12/15/2018,6:27:23,None,FALSE,1185,FALSE,FALSE
1.07383E+18,1,FALSE,rt @cherry_la: i dont think midnighters want to meet kai's friend  @yaeltygiel @hayj_ @stephsabraw midnighttexas afterbuzztv abtvmidnig',12/15/2018,6:29:26,None,FALSE,1185,FALSE,FALSE
1.07383E+18,1,FALSE,rt @cherry_la: @parisafh are you looking for some strange you naughty witch! @yaeltygiel @hayj_ @stephsabraw midnighttexas afterbuzztv a,12/15/2018,6:34:18,None,FALSE,1185,FALSE,FALSE
1.07383E+18,1,FALSE,rt @cherry_la: @jasonlewis @nbcmidnighttx is it wrong i wish i had the put someone to sleep' power?  @yaeltygiel @hayj_ @stephsabraw midn',12/15/2018,6:34:24,None,FALSE,1185,FALSE,FALSE
1.07383E+18,2,FALSE,rt @cherry_la: evil looks really good on @parisafh so now im expecting her to roll up in leather and lace!  @yaeltygiel @hayj_ @stephsabra',12/15/2018,6:34:53,None,FALSE,1185,FALSE,FALSE
1.07383E+18,1,FALSE,rt @cherry_la: @nbcmidnighttx hell no i dont trust her at all! they are tit for tat that's why they have such a good partnership! also how',12/15/2018,6:35:59,None,FALSE,1185,FALSE,FALSE
1.07383E+18,1,FALSE,rt @cherry_la: am i the only who thinks patience is the one who killed creek? manfred is barking up the wrong creek blaming kai @yaeltygiel,12/15/2018,6:37:15,None,FALSE,1185,FALSE,FALSE
1.07391E+18,0,FALSE,my cousin cree with the chp husband??? meet branbran,12/15/2018,12:02:49,FALSE,FALSE,437,FALSE,FALSE
1.07394E+18,0,FALSE,waniska-wake up and rise a message to our native youth learn your language! cree art hiphop culture wutang,12/15/2018,13:48:58,FALSE,FALSE,1,FALSE,FALSE
1.07395E+18,0,FALSE,pastorrgalvez cree creed jesuseslarazon @ hayward  california,12/15/2018,14:49:13,FALSE,FALSE,88,FALSE,FALSE
1.07398E+18,1,FALSE,rt @jyasinchuk: cree language app in development to bring generations together @fnesc firstpeople bcedchat,12/15/2018,16:22:05,FALSE,FALSE,150,FALSE,FALSE
1.07401E+18,1,FALSE,a wall chart to help convince students about the benefits of learning french  spanish  italian  mandarin  zulu,12/15/2018,18:22:41,FALSE,FALSE,1074,FALSE,FALSE
1.07401E+18,1,FALSE,rt @noelinel: a wall chart to help convince students about the benefits of learning french  spanish  italian  mandarin  zulu  cree  ,12/15/2018,18:49:48,None,FALSE,2115,FALSE,FALSE
1.07402E+18,0,FALSE,wordoftheweek time!  this weeks word is nohkom which means my grandmother in cree   wondering how to pronoun',12/15/2018,19:11:02,FALSE,FALSE,543,FALSE,FALSE
1.07406E+18,2,FALSE,rt @ratchetmidnite: hes an all around artist working his way to the top! tune in tomorrow as @dnthatejay talks about his growth in the tat',12/15/2018,21:49:00,None,FALSE,717,FALSE,FALSE
1.07407E+18,0,FALSE,icymi: wordoftheweek time!  this weeks word is nohkom which means my grandmother in cree   wondering how to',12/15/2018,22:53:02,FALSE,FALSE,543,FALSE,FALSE
1.07408E+18,2,FALSE,rt @ratchetmidnite: hes an all around artist working his way to the top! tune in tomorrow as @dnthatejay talks about his growth in the tat',12/15/2018,23:10:41,None,FALSE,753,FALSE,FALSE
1.07429E+18,2,FALSE,rt @noelinel: a wall chart to help convince students about the benefits of learning french  spanish  italian  mandarin  zulu  cree  ,12/16/2018,12:48:38,None,FALSE,270,FALSE,FALSE
1.07432E+18,0,FALSE,barley soup alberta proudalbertan iheartbeef iheartmountains mountains forest thenorth prairies,12/16/2018,15:24:15,FALSE,FALSE,85,FALSE,FALSE
1.0744E+18,0,FALSE,$cree cree inc  slick and hazardous: will fed limit the damage? (gmr weekly notes -  dec ): markets this,12/16/2018,20:23:03,FALSE,FALSE,6941,FALSE,FALSE
1.07453E+18,0,FALSE,who knew cree would be my hardest class this semester [smiling face with open mouth and cold sweat]tough cree,12/17/2018,5:01:15,FALSE,FALSE,16,FALSE,FALSE
1.0746E+18,0,FALSE,caitlin potts  years old  from sampson cree  firstnations missing since  caitlin is approximately  feet,12/17/2018,9:28:11,FALSE,FALSE,26,FALSE,FALSE
1.07468E+18,0,FALSE,for the past few years  a cree potato project to preserve traditional food knowledge  address food insecurity issu,12/17/2018,15:03:57,FALSE,FALSE,6773,FALSE,FALSE
1.07555E+18,0,FALSE,latest print by phil gray (tsimshian/cree) is now available in the gallery formless  edition of only ,12/20/2018,0:38:55,FALSE,FALSE,709,FALSE,FALSE
1.07556E+18,6,FALSE,rt @wawmeesh: dorothy eastman was beaten in residentialschool for speaking her indigenous language now shes teaching a new generation t',12/20/2018,1:32:42,None,TRUE,6668,FALSE,FALSE
1.07562E+18,11,FALSE,rt @guidefleury: bobby  a cree speaker  found a willow that bloomed in december   not supposed to happen  prophecy earthchanges c,12/20/2018,5:32:32,None,FALSE,12632,FALSE,FALSE
1.07563E+18,11,FALSE,rt @guidefleury: bobby  a cree speaker  found a willow that bloomed in december   not supposed to happen  prophecy earthchanges c,12/20/2018,5:35:38,None,FALSE,1639,FALSE,FALSE
1.07563E+18,11,FALSE,rt @guidefleury: bobby  a cree speaker  found a willow that bloomed in december   not supposed to happen  prophecy earthchanges c,12/20/2018,5:36:41,None,FALSE,253,FALSE,FALSE
1.07563E+18,11,FALSE,rt @guidefleury: bobby  a cree speaker  found a willow that bloomed in december   not supposed to happen  prophecy earthchanges c,12/20/2018,5:38:04,None,FALSE,942,FALSE,FALSE
1.07563E+18,11,FALSE,rt @guidefleury: bobby  a cree speaker  found a willow that bloomed in december   not supposed to happen  prophecy earthchanges c,12/20/2018,5:59:52,None,FALSE,642,FALSE,FALSE
1.07564E+18,11,FALSE,rt @guidefleury: bobby  a cree speaker  found a willow that bloomed in december   not supposed to happen  prophecy earthchanges c,12/20/2018,6:19:58,None,FALSE,379,FALSE,FALSE
1.07566E+18,0,FALSE,reeeel deadly voice! cree,12/20/2018,8:02:27,FALSE,FALSE,102,FALSE,FALSE
1.0757E+18,5,FALSE,great interview with @unacomics  author of becomingunbecoming in @bigissuenorth you can buy her graphicnovel at,12/20/2018,10:46:18,FALSE,TRUE,6541,FALSE,FALSE
1.07571E+18,5,FALSE,rt @myriadeditions: great interview with @unacomics  author of becomingunbecoming in @bigissuenorth you can buy her graphicnovel at the,12/20/2018,10:51:11,None,FALSE,2387,FALSE,FALSE
1.07571E+18,5,FALSE,rt @myriadeditions: great interview with @unacomics  author of becomingunbecoming in @bigissuenorth you can buy her graphicnovel at the,12/20/2018,10:53:10,None,FALSE,6749,FALSE,FALSE
1.07571E+18,5,FALSE,rt @myriadeditions: great interview with @unacomics  author of becomingunbecoming in @bigissuenorth you can buy her graphicnovel at the,12/20/2018,10:55:23,None,FALSE,1504,FALSE,FALSE
1.07571E+18,5,FALSE,rt @myriadeditions: great interview with @unacomics  author of becomingunbecoming in @bigissuenorth you can buy her graphicnovel at the,12/20/2018,11:07:23,None,FALSE,1145,FALSE,FALSE
1.07571E+18,1,FALSE,nice write-up of @unacomics cree in @bookmunch  commissioned by the @durhambookfest  cree is a self-contained',12/20/2018,11:28:22,FALSE,TRUE,6541,FALSE,FALSE
1.07571E+18,4,FALSE,come on dipstars its  vs  cree naag domil fans are voting against us we need to fight against these prs [heavy black heart],12/20/2018,11:29:16,FALSE,FALSE,25,FALSE,FALSE
1.07572E+18,4,FALSE,rt @us_sid: come on dipstars its  vs  cree naag domil fans are voting against us we need to fight against these prs [heavy black heart] bb bi,12/20/2018,11:31:26,None,FALSE,133,FALSE,FALSE
1.07572E+18,4,FALSE,rt @us_sid: come on dipstars its  vs  cree naag domil fans are voting against us we need to fight against these prs [heavy black heart] bb bi,12/20/2018,11:33:20,None,FALSE,21,FALSE,FALSE
1.07572E+18,1,FALSE,rt @myriadeditions: nice write-up of @unacomics cree in @bookmunch  commissioned by the @durhambookfest  cree is a self-contained grap',12/20/2018,11:33:58,None,FALSE,2359,FALSE,FALSE
1.07572E+18,4,FALSE,rt @us_sid: come on dipstars its  vs  cree naag domil fans are voting against us we need to fight against these prs [heavy black heart] bb bi,12/20/2018,11:45:51,None,FALSE,1728,FALSE,FALSE
1.07572E+18,4,FALSE,rt @us_sid: come on dipstars its  vs  cree naag domil fans are voting against us we need to fight against these prs [heavy black heart] bb bi,12/20/2018,11:48:50,None,FALSE,1030,FALSE,FALSE
1.07572E+18,11,FALSE,rt @guidefleury: bobby  a cree speaker  found a willow that bloomed in december   not supposed to happen  prophecy earthchanges c,12/20/2018,12:01:26,None,FALSE,12142,FALSE,FALSE
1.07573E+18,11,FALSE,rt @guidefleury: bobby  a cree speaker  found a willow that bloomed in december   not supposed to happen  prophecy earthchanges c,12/20/2018,12:24:16,None,FALSE,310,FALSE,FALSE
1.07575E+18,11,FALSE,rt @guidefleury: bobby  a cree speaker  found a willow that bloomed in december   not supposed to happen  prophecy earthchanges c,12/20/2018,14:01:30,None,FALSE,612,FALSE,FALSE
1.07578E+18,5,FALSE,rt @myriadeditions: great interview with @unacomics  author of becomingunbecoming in @bigissuenorth you can buy her graphicnovel at the,12/20/2018,15:55:09,None,FALSE,1091,FALSE,FALSE
1.07578E+18,1,FALSE,yaw^ko @wawmeesh for this article on @pafnw and the cree and ojibway language program funded by @_fpcc next class,12/20/2018,16:03:15,FALSE,FALSE,1571,FALSE,FALSE
1.07581E+18,1,FALSE,rt @dianadaydream: yaw^ko @wawmeesh for this article on @pafnw and the cree and ojibway language program funded by @_fpcc next class in j,12/20/2018,17:54:54,None,FALSE,9807,FALSE,FALSE
1.07582E+18,3,FALSE,rt @mblades: former student and traditional singer bearheadsisters [heavy black heart][?]nakotasioux cree,12/20/2018,18:11:02,FALSE,FALSE,94,FALSE,FALSE
1.07582E+18,3,FALSE,we are proud to support the plains cree and ojibwe language program in vancouver organized by the pacific associa,12/20/2018,18:29:20,FALSE,FALSE,9807,FALSE,FALSE
1.07582E+18,3,FALSE,rt @_fpcc: we are proud to support the plains cree and ojibwe language program in vancouver organized by the pacific association of first,12/20/2018,18:29:46,None,FALSE,319,FALSE,FALSE
1.07582E+18,3,FALSE,rt @_fpcc: we are proud to support the plains cree and ojibwe language program in vancouver organized by the pacific association of first,12/20/2018,18:36:39,None,FALSE,4677,FALSE,FALSE
1.07583E+18,3,FALSE,rt @_fpcc: we are proud to support the plains cree and ojibwe language program in vancouver organized by the pacific association of first,12/20/2018,19:09:24,None,FALSE,1885,FALSE,FALSE
1.07585E+18,0,FALSE,just went to an elementary school christmasconcert rehearsal in edmonton and for the first time heard a version of,12/20/2018,20:45:43,None,FALSE,68,FALSE,FALSE
1.07591E+18,0,FALSE,im a tabt what's your super power?  we are lucky to have these super supports at our lady of peace ecsdawesome',12/21/2018,0:12:14,FALSE,FALSE,126,FALSE,FALSE
1.07595E+18,5,FALSE,rt @_fpcc: we are proud to support the plains cree and ojibwe language program in vancouver organized by the pacific association of first,12/21/2018,2:54:03,None,FALSE,591,FALSE,FALSE
1.07596E+18,12,FALSE,rt @guidefleury: bobby  a cree speaker  found a willow that bloomed in december   not supposed to happen  prophecy earthchanges c,12/21/2018,3:30:46,None,FALSE,186,FALSE,FALSE
1.07601E+18,5,FALSE,rt @_fpcc: we are proud to support the plains cree and ojibwe language program in vancouver organized by the pacific association of first,12/21/2018,7:11:46,None,FALSE,257,FALSE,FALSE
1.07606E+18,18,FALSE,rt @highpope_brun: only when the lasttree has been cut down  the lastfish been caught  and the laststream poisoned  will we realize we,12/21/2018,10:26:06,None,FALSE,46,FALSE,FALSE
1.07613E+18,2,FALSE,rt @dianadaydream: yaw^ko @wawmeesh for this article on @pafnw and the cree and ojibway language program funded by @_fpcc next class in j,12/21/2018,14:54:50,None,FALSE,196,FALSE,FALSE
1.07617E+18,0,FALSE,imagination is the creation of living that drives you to the next level just ne open to accept and receive,12/21/2018,17:39:23,FALSE,FALSE,30,FALSE,FALSE
1.07618E+18,0,FALSE,new blog post! a visit from a cree-speaking santa claus   christmashistory cree,12/21/2018,18:16:28,FALSE,FALSE,698,FALSE,FALSE
1.07618E+18,1,FALSE,rt @northland: indigenous language instructors learning to use google tools for education to enhance instruction,12/21/2018,18:17:40,FALSE,FALSE,62,FALSE,FALSE
1.07622E+18,3,FALSE,cree and ojibwe language classes help urban students reclaim stolen heritage i wish she could hear me  and i wi,12/21/2018,20:42:22,FALSE,FALSE,1955,FALSE,FALSE
1.07622E+18,3,FALSE,rt @wawmeesh: cree and ojibwe language classes help urban students reclaim stolen heritage i wish she could hear me  and i wish we coul,12/21/2018,20:43:32,None,FALSE,9810,FALSE,FALSE
1.07622E+18,3,FALSE,rt @wawmeesh: cree and ojibwe language classes help urban students reclaim stolen heritage i wish she could hear me  and i wish we coul,12/21/2018,20:45:43,None,FALSE,337,FALSE,FALSE
1.07622E+18,3,FALSE,rt @wawmeesh: cree and ojibwe language classes help urban students reclaim stolen heritage i wish she could hear me  and i wish we coul,12/21/2018,21:04:46,None,FALSE,1692,FALSE,FALSE
1.07636E+18,1,FALSE,rt @naheyawin: the healthiest and most sustainable languages are cree  inuktitut and ojibway  with most of those speakers living in ontari,12/22/2018,6:16:38,None,FALSE,2654,FALSE,FALSE
1.07643E+18,0,FALSE,with our bodies we protect the land   x  acrylic on canvas protectors waterprotectors contemporaryart,12/22/2018,10:36:39,FALSE,FALSE,565,FALSE,FALSE
1.07647E+18,0,FALSE,it recently dawned on me that despite living my whole life in canada  it has taken me  years to hear cree spoken,12/22/2018,13:32:49,FALSE,FALSE,29,FALSE,FALSE
1.07654E+18,1,FALSE,in cree omasinipihcikiw can refer to a painter  a photographer  or someone who captures something  in the case,12/22/2018,18:00:02,FALSE,TRUE,80253,FALSE,FALSE
1.07656E+18,1,FALSE,rt @cbcsask: in cree omasinipihcikiw can refer to a painter  a photographer  or someone who captures something  in the case of the pi,12/22/2018,19:13:03,None,FALSE,88,FALSE,FALSE
1.07657E+18,0,FALSE,wordoftheweek time!  this weeks word is nimosom which means my grandfather in cree   wondering how to pronou',12/22/2018,19:55:01,FALSE,FALSE,552,FALSE,FALSE
1.07663E+18,1,FALSE,rt @naheyawin: wordoftheweek time!  this weeks word is nimosom which means my grandfather in cree   wondering how to pronounce it? h',12/23/2018,0:06:05,None,FALSE,2654,FALSE,FALSE
1.07664E+18,0,FALSE,icymi: wordoftheweek time!  this weeks word is nimosom which means my grandfather in cree   wondering how t',12/23/2018,0:54:02,FALSE,FALSE,552,FALSE,FALSE
1.07685E+18,0,FALSE,auction goes live today at pm est - christian morrisseau original painting acrylic on canvas circa  first use,12/23/2018,14:30:19,FALSE,FALSE,1075,FALSE,FALSE
1.07685E+18,6,FALSE,rt @_fpcc: we are proud to support the plains cree and ojibwe language program in vancouver organized by the pacific association of first,12/23/2018,14:32:24,None,FALSE,1015,FALSE,FALSE
1.07685E+18,7,FALSE,rt @wawmeesh: dorothy eastman was beaten in residentialschool for speaking her indigenous language now shes teaching a new generation t',12/23/2018,14:33:02,None,FALSE,1015,FALSE,FALSE
1.07686E+18,0,FALSE,liquidation auction - bidonline now! christian morrisseau (-) original painting rabbit promise' x acryl',12/23/2018,15:00:22,FALSE,FALSE,1075,FALSE,FALSE
1.07686E+18,0,FALSE,check out nitecore ptac black  cree led tactical  lumen flashlight  cree via @ebay,12/23/2018,15:36:33,FALSE,FALSE,1478,FALSE,FALSE
1.07686E+18,0,FALSE,check out nitecore tm  lumens cree xhp led rechargeable flashlight fl-nite-tm cree via @ebay,12/23/2018,15:37:45,FALSE,FALSE,1478,FALSE,FALSE
1.07686E+18,0,FALSE,check out nitecore pgt cree xp-l hi v led tactical compact flashlight  lumens cree via @ebay,12/23/2018,15:38:26,FALSE,FALSE,1478,FALSE,FALSE
1.07687E+18,0,FALSE,interested in learning more about what it means to be a cree two-spirit member of the lgbtqs community? check ou,12/23/2018,16:04:46,FALSE,FALSE,11,FALSE,FALSE
1.07687E+18,0,FALSE,james makokis--a cree  two-spirit doctor in alberta--is earning praise from across the country and beyond for his u,12/23/2018,16:05:39,FALSE,FALSE,1641,FALSE,FALSE
1.07688E+18,0,FALSE,tired of seeing bad new today? heres a great read indigenous twospirit transhealth cree james makokis--a cree',12/23/2018,16:25:29,FALSE,FALSE,377,FALSE,FALSE
1.07699E+18,2,FALSE,rt @ozhibiiige: this is such an important interactive by @cbcnews these stories matter a cree doctors caring approach for transgender p',12/24/2018,0:09:17,None,FALSE,596,FALSE,FALSE
1.077E+18,0,FALSE,the exact definition for twospirit  a term used by indigenous people  varies from territory to territory for,12/24/2018,0:36:15,None,FALSE,243,FALSE,FALSE
